m,alpha,W1,W_joint,W_sep,Psi_S,Psi_S_pct,joint_used,sep_used,stage1_selected,joint_J_only,joint_K_only,joint_JK,sep_J_only,sep_K_only,sep_JK
1,0.1,0.0,9.181671955650259,9.181671955650259,0.0,0.0,1,1,0,0,1,0,0,1,0
1,0.2,8.467534534969062,38.33643142987677,8.467534534969062,0.7791256457853286,77.91256457853287,1,1,1,0,1,0,1,0,0
1,0.3,42.0085541974659,76.62557793746889,44.778883811734914,0.4156144068723737,41.56144068723737,1,1,1,0,0,1,0,0,1
1,0.4,75.54957385996276,119.03487900563943,83.70506828136627,0.29680217276987664,29.680217276987662,1,1,1,0,0,1,0,0,1
1,0.5,109.0905935224596,161.44418007380992,122.63125275099762,0.24041081756596983,24.04108175659698,1,1,1,0,0,1,0,0,1
1,0.6,142.63161318495645,203.8534811419804,161.55743722062897,0.20748256877640947,20.748256877640948,1,1,1,0,0,1,0,0,1
1,0.7,176.17263284745326,246.2627822101509,200.4836216902603,0.18589557101984044,18.589557101984045,1,1,1,0,0,1,0,0,1
1,0.8,209.71365250995018,289.17844954811915,239.40980615989167,0.1721035694948838,17.210356949488382,1,1,1,0,0,1,0,0,1
1,0.9,243.254672172447,332.48039294428895,278.33599062952305,0.1628499107429725,16.28499107429725,1,1,1,0,0,1,0,0,1
1,1.0,276.79569183494385,375.78233634045876,317.2621750991544,0.1557288770174794,15.57288770174794,1,1,1,0,0,1,0,0,1
1,1.1,310.3367114974407,419.0842797366286,356.5699052400272,0.14916897989084266,14.916897989084266,1,1,1,0,0,1,0,0,1
1,1.2,343.8777311599375,462.3862231327983,401.7728286922146,0.13108823621497778,13.108823621497779,1,1,1,0,0,1,0,0,1
1,1.3,377.4187508224344,505.6881665289682,446.975752144402,0.1161039910970566,11.61039910970566,1,1,1,0,0,1,0,0,1
1,1.4,410.9597704849312,548.9901099251379,492.1786755965894,0.1034835296692238,10.34835296692238,1,1,1,0,0,1,0,0,1
1,1.5,444.5007901474281,592.2920533213078,537.3815990487769,0.09270840958378168,9.270840958378168,1,1,1,0,0,1,0,0,1
2,0.1,0.0,9.181671955650259,9.181671955650259,0.0,0.0,1,1,0,0,1,0,0,1,0
2,0.2,14.45772967089691,72.55270829917517,14.45772967089691,0.8007279120266655,80.07279120266655,2,2,2,0,1,1,2,0,0
2,0.3,78.59286641495045,149.29431050473897,81.36319602921947,0.4550147574000364,45.50147574000364,2,2,2,0,0,2,1,0,1
2,0.4,142.72800315900403,235.00555496907933,150.88349758040755,0.35795774018933324,35.79577401893332,2,2,2,0,0,2,1,0,1
2,0.5,206.86313990305757,320.7167994334196,220.40379913159558,0.31277750488604794,31.277750488604795,2,2,2,0,0,2,1,0,1
2,0.6,270.99827664711114,406.4280438977599,289.92410068278366,0.286653307920562,28.6653307920562,2,2,2,0,0,2,1,0,1
2,0.7,335.13341339116465,492.13928836210016,359.4444022339717,0.26962871948255407,26.96287194825541,2,2,2,0,0,2,1,0,1
2,0.8,399.2685501352183,577.8505328264406,430.2919953596537,0.2553576211914762,25.53576211914762,2,2,2,0,0,2,0,0,2
2,0.9,463.4036868792718,663.5617772907809,502.97457457101007,0.24200791578957925,24.200791578957926,2,2,2,0,0,2,0,0,2
2,1.0,527.5388236233254,749.2730217551212,575.6571537823665,0.23171242381858526,23.171242381858526,2,2,2,0,0,2,0,0,2
2,1.1,591.673960367379,834.9842662194617,648.7212786649644,0.22307364951657804,22.307364951657803,2,2,2,0,0,2,0,0,2
2,1.2,655.8090971114325,920.6955106838018,727.6805968588769,0.20964033340574495,20.964033340574495,2,2,2,0,0,2,0,0,2
2,1.3,719.9442338554861,1006.4067551481423,806.6399150527894,0.198495130396802,19.8495130396802,2,2,2,0,0,2,0,0,2
2,1.4,784.0793705995395,1092.1179996124824,885.5992332467019,0.1890993156774815,18.90993156774815,2,2,2,0,0,2,0,0,2
2,1.5,848.2145073435931,1177.8292440768228,964.5585514406146,0.18107097757058055,18.107097757058057,2,2,2,0,0,2,0,0,2
3,0.1,0.0,9.181671955650259,9.181671955650259,0.0,0.0,1,1,0,0,1,0,0,1,0
3,0.2,14.45772967089691,101.91949747027545,52.79416110077368,0.4820013597872089,48.200135978720894,3,3,2,0,1,2,2,1,0
3,0.3,88.14729771508264,218.199145021895,90.91762732935166,0.5833272980046342,58.332729800463426,3,3,3,0,0,3,2,0,1
3,0.4,167.58894096897507,344.1946607336973,182.02668964582256,0.4711519078831492,47.11519078831492,3,3,3,0,0,3,1,0,2
3,0.5,248.92872824711384,470.19017644549945,278.9496807582815,0.4067300961771263,40.67300961771263,3,3,3,0,0,3,1,0,2
3,0.6,330.26851552525267,596.1856921573017,375.8726718707403,0.3695375839855487,36.95375839855487,3,3,3,0,0,3,1,0,2
3,0.7,411.60830280339144,722.1812078691038,472.7956629831992,0.34532267271499817,34.53226727149982,3,3,3,0,0,3,1,0,2
3,0.8,492.9480900815303,848.1767235809061,571.045945670152,0.3267370704783542,32.67370704783542,3,3,3,0,0,3,0,0,3
3,0.9,574.2878773596691,974.1722392927084,671.1312144427792,0.31107540599796824,31.107540599796824,3,3,3,0,0,3,0,0,3
3,1.0,655.6276646378079,1100.1677550045106,771.2164832154065,0.29900101170276117,29.900101170276116,3,3,3,0,0,3,0,0,3
3,1.1,736.9674519159468,1226.163270716313,871.6832976592752,0.28909687765313175,28.909687765313173,3,3,3,0,0,3,0,0,3
3,1.2,818.3072391940855,1352.158786428115,978.0453054144585,0.27667865990940377,27.667865990940378,3,3,3,0,0,3,0,0,3
3,1.3,899.6470264722244,1478.1543021399175,1084.4073131696418,0.2663774603234925,26.637746032349252,3,3,3,0,0,3,0,0,3
3,1.4,980.9868137503631,1604.1498178517195,1190.7693209248253,0.25769444494934657,25.769444494934657,3,3,3,0,0,3,0,0,3
3,1.5,1062.326601028502,1730.1453335635215,1297.1313286800087,0.2502760874958687,25.02760874958687,3,3,3,0,0,3,0,0,3
4,0.1,0.0,9.181671955650259,9.181671955650259,0.0,0.0,1,1,0,0,1,0,0,1,0
4,0.2,14.45772967089691,130.5400607399696,72.96046918107051,0.44108751928341183,44.108751928341185,4,4,2,0,1,3,2,2,0
4,0.3,97.65220014711872,285.6903359259983,102.34847478505299,0.6417503082373635,64.17503082373635,4,4,4,0,1,3,2,0,2
4,0.4,191.09384340101116,440.84061111202703,235.7594804976937,0.46520471445907197,46.5204714459072,4,4,4,0,1,3,1,0,3
4,0.5,287.30595164543,595.9908862980558,438.2223001178911,0.26471644081695644,26.471644081695644,4,4,4,0,1,3,1,0,3
4,0.6,383.64573892356884,757.7431293779306,578.4472346265198,0.23661830480548696,23.661830480548694,4,4,4,0,0,4,1,0,3
4,0.7,479.98552620170767,922.6648295593641,718.6721691351485,0.22109075136378198,22.1090751363782,4,4,4,0,0,4,1,0,3
4,0.8,576.3253134798465,1087.5865297407977,860.2243952182712,0.20905199568508193,20.90519956850819,4,4,4,0,0,4,0,0,4
4,0.9,672.6651007579853,1252.5082299222313,1003.6116073870681,0.1987185525723989,19.87185525723989,4,4,4,0,0,4,0,0,4
4,1.0,769.0048880361242,1417.429930103665,1146.9988195558653,0.19078975602555626,19.078975602555627,4,4,4,0,0,4,0,0,4
4,1.1,865.344675314263,1582.7331759563401,1290.767577395904,0.1844692478781338,18.44692478781338,4,4,4,0,0,4,0,0,4
4,1.2,961.6844625924017,1753.9316151203295,1440.431528547257,0.17874133966823147,17.87413396682315,4,4,4,0,0,4,0,0,4
4,1.3,1058.0242498705406,1925.1300542843194,1590.0954796986102,0.1740321771197222,17.403217711972218,4,4,4,0,0,4,0,0,4
4,1.4,1154.3640371486792,2096.328493448309,1739.759430849963,0.17009217005480637,17.009217005480636,4,4,4,0,0,4,0,0,4
4,1.5,1250.703824426818,2267.5269326122984,1889.4233820013164,0.1667471045979546,16.67471045979546,4,4,4,0,0,4,0,0,4
5,0.1,0.0,9.181671955650259,9.181671955650259,0.0,0.0,1,1,0,0,1,0,0,1,0
5,0.2,14.45772967089691,139.01395151148915,81.43435995259009,0.41420009238526145,41.42000923852615,5,5,2,0,2,3,2,3,0
5,0.3,106.02942354543492,330.46921973773317,173.09126232865782,0.4762257663027545,47.62257663027545,5,5,5,0,1,4,3,0,2
5,0.4,214.47106679932736,524.5456793933934,321.5022680412985,0.38708432712076246,38.708432712076245,5,5,5,0,1,4,2,0,3
5,0.5,324.8108540774661,718.6221390490534,479.2057696035349,0.33316030280160325,33.31603028016033,5,5,5,0,1,4,1,0,4
5,0.6,435.15064135560493,912.6985987047133,645.0926079018542,0.2932030258210554,29.32030258210554,5,5,5,0,1,4,1,0,4
5,0.7,545.4904286337437,1106.7750583603734,810.9794462001735,0.2672590152134481,26.72590152134481,5,5,5,0,1,4,1,0,4
5,0.8,655.8302159118825,1300.8515180160337,978.1935760729867,0.2480359498946828,24.80359498946828,5,5,5,0,1,4,0,0,5
5,0.9,766.1700031900214,1494.9279776716937,1147.2426920314742,0.2325766129427379,23.25766129427379,5,5,5,0,1,4,0,0,5
5,1.0,876.5097904681602,1689.0044373273538,1316.291807989962,0.22067001193150482,22.06700119315048,5,5,5,0,1,4,0,0,5
5,1.1,986.849577746299,1883.4624426542555,1485.34092394845,0.21137746614408504,21.137746614408503,5,5,5,0,1,4,0,0,5
5,1.2,1097.1893650244378,2083.8156412924714,1654.3900399069373,0.20607658032511267,20.607658032511267,5,5,5,0,1,4,0,0,5
5,1.3,1207.5291523025767,2284.794217192707,1823.4391558654252,0.20192411984224212,20.19241198422421,5,5,5,0,0,5,0,0,5
5,1.4,1317.8689395807153,2489.749051098421,1992.4882718239126,0.19972325285358716,19.972325285358718,5,5,5,0,0,5,0,0,5
5,1.5,1428.208726858854,2694.7038850041363,2161.5373877824004,0.19785717465610042,19.78571746561004,5,5,5,0,0,5,0,0,5
6,0.1,0.0,9.181671955650259,9.181671955650259,0.0,0.0,1,1,0,0,1,0,0,1,0
6,0.2,14.45772967089691,147.4814860464582,88.50542776445556,0.3998878765259022,39.98878765259022,6,6,2,1,2,3,2,4,0
6,0.3,113.68571082132067,367.05353195521775,180.74754960454356,0.5075716922222788,50.75716922222788,6,6,6,1,1,4,4,0,2
6,0.4,235.2058379869585,591.7241086924346,344.00245411331355,0.4186438425274327,41.86438425274327,6,6,6,1,1,4,2,0,4
6,0.5,356.76250468494607,816.3946854296513,511.1574202110149,0.37388443441176555,37.388443441176555,6,6,6,1,1,4,2,0,4
6,0.6,481.1022919630849,1041.065262166868,691.0442585093342,0.33621427625872546,33.62142762587255,6,6,6,1,1,4,2,0,4
6,0.7,605.4420792412236,1265.7358389040846,870.9310968076534,0.311917170993804,31.1917170993804,6,6,6,1,1,4,2,0,4
6,0.8,729.7818665193624,1491.7337072157957,1052.1452266804667,0.2946829440194031,29.46829440194031,6,6,6,0,1,5,1,0,5
6,0.9,854.1216537975013,1719.5665616131807,1235.1943426389544,0.2816827390036133,28.168273900361328,6,6,6,0,1,5,1,0,5
6,1.0,978.4614410756401,1947.3994160105658,1418.243458597442,0.27172441003250913,27.172441003250913,6,6,6,0,1,5,1,0,5
6,1.1,1102.801228353779,2175.6138160791925,1601.2925745559296,0.2639812439499407,26.39812439499407,6,6,6,0,1,5,1,0,5
6,1.2,1227.1410156319178,2409.723409459134,1784.3416905144172,0.2595242742340643,25.952427423406434,6,6,6,0,1,5,1,0,5
6,1.3,1351.4808029100566,2643.833002839075,1967.390806472905,0.25585662772186213,25.58566277218621,6,6,6,0,1,5,1,0,5
6,1.4,1475.8205901881952,2877.942596219016,2150.4399224313925,0.25278567916656935,25.278567916656936,6,6,6,0,1,5,1,0,5
6,1.5,1600.160377466334,3112.0521895989577,2333.48903838988,0.250176765611829,25.0176765611829,6,6,6,0,1,5,1,0,5
7,0.1,0.0,9.181671955650259,9.181671955650259,0.0,0.0,1,1,0,0,1,0,0,1,0
7,0.2,14.45772967089691,154.5891769238596,94.44427716856197,0.3890628112013368,38.90628112013368,7,7,2,1,2,4,2,5,0
7,0.3,117.63736142880062,399.5274227267373,184.6992002120235,0.5377058251684734,53.77058251684734,7,7,7,1,2,4,5,0,2
7,0.4,253.15748859443846,648.1979994639541,361.9541047207935,0.44159947266094346,44.15994726609435,7,7,7,1,2,4,3,0,4
7,0.5,388.67761576007615,896.8685762011709,553.0212829066116,0.38338648762896677,38.338648762896675,7,7,7,1,2,4,3,0,4
7,0.6,524.1977429257139,1145.5391529383876,744.2899936369827,0.3502710127996699,35.027101279966985,7,7,7,1,2,4,2,0,5
7,0.7,659.7178700913516,1394.2097296756042,945.7974783317113,0.3216246751112737,32.16246751112737,7,7,7,1,2,4,2,0,5
7,0.8,795.2379972569894,1644.2075979873152,1148.6322546009344,0.3014067955853128,30.140679558531282,7,7,7,0,2,5,1,0,6
7,0.9,932.168922232361,1896.0404523847003,1403.677914900324,0.25967934221293587,25.967934221293586,7,7,7,0,2,5,1,0,6
7,1.0,1069.3149579853655,2147.873306782086,1616.7379298677624,0.24728431385464866,24.728431385464866,7,7,7,0,2,5,1,0,6
7,1.1,1206.46099373837,2404.119186358464,1829.7979448352012,0.2388905029260181,23.88905029260181,7,7,7,0,1,6,1,0,6
7,1.2,1343.6070294913745,2668.2396787473563,2042.8579598026397,0.234379888705617,23.4379888705617,7,7,7,0,1,6,1,0,6
7,1.3,1480.753065244379,2932.3601711362485,2255.917974770078,0.23068182518113334,23.068182518113332,7,7,7,0,1,6,1,0,6
7,1.4,1617.8991009973834,3196.4806635251402,2468.9779897375165,0.2275948927484891,22.75948927484891,7,7,7,0,1,6,1,0,6
7,1.5,1755.0451367503879,3460.601155914033,2682.0380047049557,0.22497916290600062,22.497916290600063,7,7,7,0,1,6,1,0,6
8,0.1,0.0,9.181671955650259,9.181671955650259,0.0,0.0,1,1,0,0,1,0,0,1,0
8,0.2,14.45772967089691,160.57937205978746,97.62972422683845,0.3920157802679125,39.20157802679125,8,8,2,2,2,4,2,6,0
8,0.3,118.84713901446614,423.2970173938293,186.80732761315525,0.5586849896479369,55.86849896479369,8,8,8,1,2,5,5,0,3
8,0.4,267.17351465496967,688.6294979207368,380.78426536853254,0.4470404382642901,44.70404382642901,8,8,8,1,2,5,4,0,4
8,0.5,415.49989029547305,955.4144578278568,601.4612591321775,0.37047084204732994,37.047084204733,8,8,8,1,2,5,3,0,5
8,0.6,563.8262659359765,1231.4877241263443,822.7408688714993,0.3319130570666653,33.191305706666526,8,8,8,1,2,5,2,0,6
8,0.7,712.1526415764799,1507.5609904248317,1054.259252575179,0.3006855050832218,30.06855050832218,8,8,8,1,2,5,2,0,6
8,0.8,860.4790172169834,1784.9615482978136,1287.1049278533528,0.2789172802737572,27.891728027375716,8,8,8,0,2,6,1,0,7
8,0.9,1008.8053928574868,2064.52402464607,1521.7855892172008,0.2628879242623069,26.28879242623069,8,8,8,0,2,6,1,0,7
8,1.0,1157.1317684979904,2346.367778052406,1756.4662505810493,0.25141051330026454,25.141051330026453,8,8,8,0,2,6,1,0,7
8,1.1,1305.4581441384937,2628.5930771299836,1991.1469119448973,0.24250469604107716,24.250469604107717,8,8,8,0,2,6,1,0,7
8,1.2,1453.7845197789973,2918.604387302938,2225.8275733087453,0.23736578242945183,23.736578242945182,8,8,8,0,1,7,1,0,7
8,1.3,1602.1108954195008,3210.127569253101,2460.5082346725935,0.2335169922094158,23.35169922094158,8,8,8,0,1,7,1,0,7
8,1.4,1751.0932573958846,3501.6507512032636,2981.0098079767536,0.14868442920745406,14.868442920745405,8,8,8,0,1,7,1,0,7
8,1.5,1900.2392931488891,3793.173933153427,3234.3540941916544,0.14732249266966824,14.732249266966823,8,8,8,0,1,7,1,0,7
9,0.1,0.0,9.181671955650259,9.181671955650259,0.0,0.0,1,1,0,0,1,0,0,1,0
9,0.2,14.45772967089691,163.76481911806394,97.62972422683845,0.4038418950259782,40.38418950259782,9,8,2,2,3,4,2,6,0
9,0.3,120.04129541296741,442.87814916799306,255.7121621303113,0.42261282790604726,42.261282790604724,9,9,9,1,2,6,5,0,4
9,0.4,280.36767105347093,725.6197712730141,489.97337113315047,0.32475190102172913,32.47519010217291,9,9,9,1,2,6,4,0,5
9,0.5,440.6940466939743,1012.50786007433,750.9346361442572,0.25834191935149053,25.834191935149054,9,9,9,1,2,6,3,0,6
9,0.6,601.0204223344778,1309.9385993608612,1012.4985171310411,0.22706414054440838,22.706414054440838,9,9,9,1,2,6,2,0,7
9,0.7,761.3467979749812,1616.0227646682995,1284.3011720821828,0.20527037108552426,20.527037108552427,9,9,9,1,2,6,2,0,7
9,0.8,921.6731736154846,1923.4342215502322,1557.4311186078185,0.19028625925529485,19.028625925529486,9,9,9,0,2,7,1,0,8
9,0.9,1081.999549255988,2232.680664517839,1832.3960512191281,0.1792843104077111,17.92843104077111,9,9,9,0,2,7,1,0,8
9,1.0,1242.3259248964916,2541.927107485446,2107.3609838304383,0.17095931758833716,17.095931758833714,9,9,9,0,2,7,1,0,8
9,1.1,1402.652300536995,2851.5550961242943,2382.3259164417486,0.16455202998542828,16.455202998542827,9,9,9,0,2,7,1,0,8
9,1.2,1562.9786761774985,3167.0782780744576,2657.2908490530585,0.16096458131478297,16.096458131478297,9,9,9,0,2,7,1,0,8
9,1.3,1723.305051818002,3482.601460024621,2932.2557816643684,0.15802717729187465,15.802717729187465,9,9,9,0,2,7,1,0,8
9,1.4,1883.6314274585052,3798.124641974783,3207.220714275678,0.1555778136316961,15.55778136316961,9,9,9,0,2,7,1,0,8
9,1.5,2043.9578030990087,4113.647823924946,3482.1856468869883,0.15350418997109538,15.35041899710954,9,9,9,0,2,7,1,0,8
10,0.1,0.0,9.181671955650259,9.181671955650259,0.0,0.0,1,1,0,0,1,0,0,1,0
10,0.2,14.45772967089691,165.93680931411413,97.62972422683845,0.4116451640212758,41.16451640212758,10,8,2,2,3,5,2,6,0
10,0.3,120.49416395082069,460.20573185000046,256.1650306681646,0.4433684481972965,44.33684481972965,10,10,10,1,3,6,6,0,4
10,0.4,290.8704152124451,757.0894895787524,500.47611529212463,0.3389472153805866,33.89472153805866,10,10,10,1,3,6,5,0,5
10,0.5,461.2466664740694,1060.9478362998957,771.4872559243523,0.27283205683801615,27.283205683801615,10,10,10,1,2,7,4,0,6
10,0.6,631.6229177356937,1383.693905397025,1043.101012532257,0.2461475703089414,24.61475703089414,10,10,10,1,2,7,3,0,7
10,0.7,801.9991689973181,1708.3300417333244,1324.9535431045197,0.22441594379492336,22.441594379492336,10,10,10,1,2,7,3,0,7
10,0.8,972.3754202589423,2041.4034024049479,1608.1333652512762,0.2122412633599231,21.22412633599231,10,10,10,0,2,8,2,0,8
10,0.9,1142.7516715205668,2376.311749162245,1893.1481734837068,0.20332499548885996,20.332499548885995,10,10,10,0,2,8,2,0,8
10,1.0,1313.127922782191,2711.2200959195425,2178.162981716138,0.19661152372161506,19.661152372161506,10,10,10,0,2,8,2,0,8
10,1.1,1483.5041740438153,3046.1284426768407,2463.1777899485687,0.19137428499764553,19.137428499764553,10,10,10,0,2,8,2,0,8
10,1.2,1655.8012481851924,3381.036789434138,2750.1134210607524,0.18660647832790334,18.660647832790332,10,10,10,0,2,8,2,0,8
10,1.3,1828.127623825696,3715.9451361914353,3037.078353672063,0.18269020602795016,18.269020602795017,10,10,10,0,2,8,2,0,8
10,1.4,2000.453999466199,4050.8534829487326,3324.0432862833723,0.17942149715479072,17.942149715479072,10,10,10,0,2,8,2,0,8
10,1.5,2172.7803751067026,4385.761829706031,3612.759409397869,0.17625271282913568,17.62527128291357,10,10,10,0,2,8,1,0,9
11,0.1,0.0,9.181671955650259,9.181671955650259,0.0,0.0,1,1,0,0,1,0,0,1,0
11,0.2,14.45772967089691,165.93680931411413,97.62972422683845,0.4116451640212758,41.16451640212758,10,8,2,2,3,5,2,6,0
11,0.3,120.49416395082069,469.76016315013266,323.65622157226784,0.3110181599863989,31.101815998639893,11,11,10,2,3,6,6,1,4
11,0.4,297.9985038644182,781.9504273887235,530.7830509578337,0.3212062652995129,32.12062652995129,11,11,11,2,3,6,5,0,6
11,0.5,475.5858576769705,1107.1596478105157,809.4063775721136,0.2689343590395745,26.893435903957453,11,11,11,1,2,8,5,0,6
11,0.6,653.1732114895227,1447.6534038068398,1098.0502310483478,0.241496460298545,24.149646029854498,11,11,11,1,2,8,4,0,7
11,0.7,834.821741005012,1791.0991638133492,1357.7761151122136,0.24193135559204149,24.193135559204148,11,11,11,1,2,8,4,0,7
11,0.8,1017.1979922666362,2143.3146601087033,1652.9559372589702,0.228785223176173,22.8785223176173,11,11,11,0,2,9,3,0,8
11,0.9,1199.5742435282607,2497.3651424897316,1949.9707454914007,0.2191887712713927,21.918877127139268,11,11,11,0,2,9,3,0,8
11,1.0,1381.950494789885,2851.41562487076,2246.985553723832,0.21197543629730364,21.197543629730365,11,11,11,0,2,9,3,0,8
11,1.1,1564.3267460515092,3207.4774097865366,2544.000361956263,0.20685322546805684,20.685322546805686,11,11,11,0,2,9,3,0,8
11,1.2,1746.7029973131337,3564.006402940244,2841.0151701886934,0.20285912846707987,20.285912846707987,11,11,11,0,2,9,3,0,8
11,1.3,1929.0792485747581,3920.5353960939506,3138.0299784211247,0.1995914686683966,19.95914686683966,11,11,11,0,2,9,3,0,8
11,1.4,2111.455499836382,4277.064389247657,3435.044786653555,0.19686858227126547,19.686858227126546,11,11,11,0,2,9,3,0,8
11,1.5,2293.8317510980064,4633.593382401365,3733.8107853891734,0.19418678393956912,19.418678393956913,11,11,11,0,2,9,2,0,9
12,0.1,0.0,9.181671955650259,9.181671955650259,0.0,0.0,1,1,0,0,1,0,0,1,0
12,0.2,14.45772967089691,165.93680931411413,97.62972422683845,0.4116451640212758,41.16451640212758,10,8,2,2,3,5,2,6,0
12,0.3,120.49416395082069,479.26506558216875,378.23183072073516,0.21080867794673785,21.080867794673786,12,12,10,3,3,6,6,2,4
12,0.4,302.9985038644182,805.4553298207595,621.3553023392716,0.2285664029592508,22.85664029592508,12,12,12,3,3,6,5,0,7
12,0.5,485.5858576769705,1146.6051832244516,939.387930021722,0.18072241102207376,18.072241102207375,12,12,12,1,2,9,5,0,7
12,0.6,673.9957834972166,1503.440506504391,1118.872803056042,0.2557917668072527,25.57917668072527,12,12,12,1,2,9,5,0,7
12,0.7,863.8249148006861,1865.965545337407,1386.7792889078876,0.2568033786191225,25.68033786191225,12,12,12,1,2,9,5,0,7
12,0.8,1057.3815059498093,2239.8016880291707,1693.1394509421432,0.24406724935011648,24.40672493501165,12,12,12,0,2,10,4,0,8
12,0.9,1250.9380970989328,2615.4728168066085,2001.3345990620728,0.23480963510619657,23.480963510619656,12,12,12,0,2,10,4,0,8
12,1.0,1444.494688248056,2991.143945584047,2309.529747182003,0.22787743111070924,22.787743111070924,12,12,12,0,2,10,4,0,8
12,1.1,1638.051279397179,3366.815074361485,2617.7248953019325,0.22249222559442683,22.249222559442682,12,12,12,0,2,10,4,0,8
12,1.2,1831.6078705463026,3742.486203138923,2925.9200434218624,0.2181881549842949,21.81881549842949,12,12,12,0,2,10,4,0,8
12,1.3,2025.1644616954259,4118.157331916361,3234.1151915417922,0.2146693458074329,21.466934580743292,12,12,12,0,2,10,4,0,8
12,1.4,2218.721052844549,4493.828460693799,3542.3103396617216,0.21173886127490793,21.173886127490793,12,12,12,0,2,10,4,0,8
12,1.5,2412.277643993672,4869.499589471237,3852.256678284839,0.2089009132244033,20.89009132244033,12,12,12,0,2,10,3,0,9
13,0.1,0.0,9.181671955650259,9.181671955650259,0.0,0.0,1,1,0,0,1,0,0,1,0
13,0.2,14.45772967089691,165.93680931411413,97.62972422683845,0.4116451640212758,41.16451640212758,10,8,2,2,3,5,2,6,0
13,0.3,120.49416395082069,487.9391229842562,410.7057214922548,0.15828491271541967,15.828491271541967,13,13,10,3,4,6,6,3,4
13,0.4,304.2117073000146,826.1901010083907,622.5685057748681,0.24645852689955516,24.645852689955518,13,13,13,4,3,6,6,0,7
13,0.5,494.4084296846644,1184.1100856564876,948.2105020294159,0.19922099007904792,19.92209900790479,13,13,13,2,2,9,6,0,7
13,0.6,691.8186174053918,1556.2335222577135,1136.695636964217,0.2695854312949446,26.958543129494462,13,13,13,1,2,10,6,0,7
13,0.7,892.5863111054431,1936.9036085663924,1448.9396099749065,0.25192993416572473,25.192993416572474,13,13,13,1,2,10,6,0,7
13,0.8,1094.3026404204898,2322.3453025336203,1730.060585412824,0.2550373178676869,25.50373178676869,13,13,13,0,2,11,5,0,8
13,0.9,1297.8592315696133,2709.621982586522,2048.2557335327533,0.24408063313040018,24.408063313040017,13,13,13,0,2,11,5,0,8
13,1.0,1501.4158227187365,3096.898662639424,2366.450881652683,0.235864282483236,23.5864282483236,13,13,13,0,2,11,5,0,8
13,1.1,1704.9724138678596,3486.2134439961337,2684.6460297726135,0.22992493922136603,22.992493922136603,13,13,13,0,2,11,5,0,8
13,1.2,1908.529005016983,3877.0956753244996,3002.841177892543,0.22549211333526986,22.549211333526987,13,13,13,0,2,11,5,0,8
13,1.3,2112.0855961661064,4267.977906652865,3321.036326012473,0.22187124707564976,22.187124707564976,13,13,13,0,2,11,5,0,8
13,1.4,2315.6421873152294,4658.860137981231,3639.2314741324026,0.2188579681833187,21.88579681833187,13,13,13,0,2,11,5,0,8
13,1.5,2519.1987784643525,5049.742369309597,3959.177812755519,0.21596439517035804,21.596439517035805,13,13,13,0,2,11,4,0,9
14,0.1,0.0,9.181671955650259,9.181671955650259,0.0,0.0,1,1,0,0,1,0,0,1,0
14,0.2,14.45772967089691,165.93680931411413,97.62972422683845,0.4116451640212758,41.16451640212758,10,8,2,2,3,5,2,6,0
14,0.3,120.49416395082069,495.60424264472135,434.4753161593468,0.12334221789379518,12.334221789379518,14,14,11,3,5,6,6,3,5
14,0.4,304.2117073000146,845.3044649193887,719.2144561531978,0.149165199048387,14.9165199048387,14,14,13,4,4,6,6,1,7
14,0.5,502.6927009321263,1216.8326993930445,956.4947732768778,0.2139471812731718,21.39471812731718,14,14,14,3,2,9,7,0,7
14,0.6,708.7397518760723,1607.7384246897495,1153.6167714348974,0.28245991156334116,28.245991156334117,14,14,14,2,2,10,7,0,7
14,0.7,919.5074455761236,1999.0639296334111,1475.8607444455868,0.26172408867572805,26.172408867572805,14,14,14,2,2,10,7,0,7
14,0.8,1130.2751392761747,2396.2969531411004,1803.8256473946885,0.24724452658915752,24.72445265891575,14,14,14,1,2,11,5,0,9
14,0.9,1341.0428329762262,2798.5981471193145,2137.231898065546,0.2363205484626415,23.63205484626415,14,14,14,0,2,12,5,0,9
14,1.0,1551.8105266762775,3201.0859297231445,2470.6381487364038,0.22818749543843575,22.818749543843573,14,14,14,0,2,12,5,0,9
14,1.1,1762.5782203763285,3603.573712326975,2804.044399407262,0.2218712247191481,22.18712247191481,14,14,14,0,2,12,5,0,9
14,1.2,1973.34591407638,4007.0473259319797,3137.450650078119,0.21701682189431226,21.701682189431224,14,14,14,1,2,11,5,0,9
14,1.3,2184.1136077764313,4411.929557260346,3470.8569007489773,0.21330183183970464,21.330183183970462,14,14,14,1,2,11,5,0,9
14,1.4,2394.8813014764823,4816.811788588711,3804.2631514198347,0.2102113766553344,21.02113766553344,14,14,14,1,2,11,5,0,9
14,1.5,2605.6489951765334,5221.694019917078,4139.4205925938795,0.2072648116100041,20.72648116100041,14,14,14,1,2,11,4,0,10
15,0.1,0.0,9.181671955650259,9.181671955650259,0.0,0.0,1,1,0,0,1,0,0,1,0
15,0.2,14.45772967089691,165.93680931411413,97.62972422683845,0.4116451640212758,41.16451640212758,10,8,2,2,3,5,2,6,0
15,0.3,120.49416395082069,503.2605299206071,451.8028988413542,0.1022484936129816,10.22484936129816,15,15,11,4,5,6,6,4,5
15,0.4,304.2117073000146,863.7335421360035,775.6883469247174,0.1019355980937724,10.19355980937724,15,15,13,4,4,7,6,2,7
15,0.5,509.6138354028067,1248.7843500005242,963.4159077475582,0.2285169911465068,22.851699114650682,15,15,15,4,2,9,8,0,7
15,0.6,724.0950909353996,1653.6900752972297,1168.9721104942248,0.29311294301375246,29.311294301375245,15,15,15,3,2,10,8,0,7
15,0.7,941.9338524473164,2059.015580240891,1498.2871513167797,0.27232840504223366,27.232840504223365,15,15,15,3,2,10,8,0,7
15,0.8,1159.772613959233,2470.062015122965,1833.3231220777466,0.25778255329088173,25.778255329088175,15,15,15,1,2,12,6,0,9
15,0.9,1377.61137547115,2886.549797726794,2173.8004405604697,0.24692085954229037,24.692085954229036,15,15,15,1,2,12,6,0,9
15,1.0,1595.4501369830668,3303.037580330624,2514.2777590431933,0.23879831885184866,23.879831885184867,15,15,15,1,2,12,6,0,9
15,1.1,1813.5782203763285,3719.525362934455,3219.944385890095,0.13431309866112173,13.431309866112173,15,15,15,1,2,12,5,0,10
15,1.2,2032.34591407638,4136.013145538284,3595.7599376291228,0.1306217337563249,13.06217337563249,15,15,15,1,2,12,5,0,10
15,1.3,2251.1136077764313,4552.500928142115,3971.5754893681515,0.127605781512941,12.7605781512941,15,15,15,1,2,12,5,0,10
15,1.4,2469.8813014764823,4968.988710745944,4347.391041107179,0.12509540790352303,12.509540790352302,15,15,15,1,2,12,5,0,10
15,1.5,2688.6489951765334,5385.4764933497745,4724.957783349395,0.12264814651331546,12.264814651331546,15,15,15,1,2,12,4,0,11
16,0.1,0.0,9.181671955650259,9.181671955650259,0.0,0.0,1,1,0,0,1,0,0,1,0
16,0.2,14.45772967089691,165.93680931411413,97.62972422683845,0.4116451640212758,41.16451640212758,10,8,2,2,3,5,2,6,0
16,0.3,120.49416395082069,507.21218052808706,460.4769562434416,0.09214136820607666,9.214136820607665,16,16,11,5,5,6,6,5,5
16,0.4,304.2117073000146,881.6851927434834,812.7670893323161,0.07816633870953327,7.816633870953327,16,16,13,5,4,7,7,3,6
16,0.5,516.256329423483,1278.339020420433,970.0584017682345,0.2411571685817805,24.11571685817805,16,16,16,4,3,9,9,0,7
16,0.6,739.0950909353996,1693.6850522260488,1338.3629640120039,0.20979230332524756,20.979230332524757,16,16,16,3,3,10,8,0,8
16,0.7,961.9338524473164,2109.4508636786204,1707.087305902729,0.1907432710114041,19.07432710114041,16,16,16,3,3,10,8,0,8
16,0.8,1186.772613959233,2530.937605069605,2121.995205356068,0.1615774323690965,16.15774323690965,16,16,16,1,3,12,6,0,10
16,0.9,1412.61137547115,2957.865694182345,2504.881824906962,0.15314551643312646,15.314551643312646,16,16,16,1,3,12,6,0,10
16,1.0,1638.4501369830668,3384.7937832950856,2887.7684444578554,0.14684065578535122,14.684065578535122,16,16,16,1,3,12,6,0,10
16,1.1,1864.2888984949832,3811.7218724078266,3270.6550640087494,0.1419481343368032,14.19481343368032,16,16,16,1,3,12,6,0,10
16,1.2,2090.1276600069004,4238.649961520567,3655.3179351434865,0.1376221277229075,13.762212772290749,16,16,16,1,3,12,5,0,11
16,1.3,2315.966421518817,4665.578050633307,4040.2045546943805,0.13403987440613874,13.403987440613873,16,16,16,1,3,12,5,0,11
16,1.4,2541.8051830307336,5092.506139746048,4425.0911742452745,0.13105825445976893,13.105825445976894,16,16,16,1,3,12,5,0,11
16,1.5,2767.64394454265,5519.434228858789,4811.728984299354,0.1282206137830474,12.822061378304738,16,16,16,1,3,12,4,0,12
17,0.1,0.0,9.181671955650259,9.181671955650259,0.0,0.0,1,1,0,0,1,0,0,1,0
17,0.2,14.45772967089691,165.93680931411413,97.62972422683845,0.4116451640212758,41.16451640212758,10,8,2,2,3,5,2,6,0
17,0.3,120.49416395082069,508.42195811375257,468.14207590390674,0.07922530010167994,7.9225300101679945,17,17,11,6,5,6,6,6,5
17,0.4,304.2117073000146,897.3503124039485,844.2368076380544,0.0591892642502192,5.91892642502192,17,17,13,5,5,7,7,4,6
17,0.5,519.256329423483,1299.896432693788,1047.521029392436,0.19415039302658288,19.415039302658286,17,17,17,4,4,9,9,0,8
17,0.6,750.0950909353996,1724.2875476272645,1436.452578092499,0.16692979655907503,16.692979655907504,17,17,17,4,3,10,8,0,9
17,0.7,980.9338524473164,2150.1032347009577,1827.3190556069553,0.15012496790131857,15.012496790131857,17,17,17,4,3,10,8,0,9
17,0.8,1211.772613959233,2581.6398517130624,2223.9064630598236,0.1385682779942612,13.856827799426119,17,17,17,2,3,12,6,0,11
17,0.9,1442.61137547115,3018.617816446924,2625.9352182344483,0.13008688813567137,13.008688813567137,17,17,17,2,3,12,6,0,11
17,1.0,1673.4501369830668,3455.595781180785,3027.9639734090733,0.12375052953259158,12.375052953259157,17,17,17,2,3,12,6,0,11
17,1.1,1904.2888984949832,3892.5737459146467,3429.992728583698,0.11883680246686112,11.883680246686112,17,17,17,2,3,12,6,0,11
17,1.2,2135.1276600069004,4331.472533528261,3833.7977353421657,0.11489736904338799,11.489736904338798,17,17,17,2,3,12,5,0,12
17,1.3,2365.966421518817,4770.400622641002,4237.826490516791,0.11164138491776532,11.164138491776532,17,17,17,2,3,12,5,0,12
17,1.4,2596.8051830307336,5209.328711753742,4641.855245691416,0.10893408680123084,10.893408680123084,17,17,17,2,3,12,5,0,12
17,1.5,2827.64394454265,5650.007991369669,5047.635191369227,0.1066145040715979,10.661450407159789,17,17,17,1,3,13,4,0,13
18,0.1,0.0,9.181671955650259,9.181671955650259,0.0,0.0,1,1,0,0,1,0,0,1,0
18,0.2,14.45772967089691,165.93680931411413,97.62972422683845,0.4116451640212758,41.16451640212758,10,8,2,2,3,5,2,6,0
18,0.3,120.49416395082069,509.09875736928655,473.7388236564044,0.06945594189936899,6.945594189936899,18,18,11,6,6,6,7,7,4
18,0.4,304.2117073000146,908.4674181683931,863.3511715490524,0.04966193142105402,4.966193142105402,18,18,13,5,6,7,7,5,6
18,0.5,519.256329423483,1321.227635926652,1173.3217392449924,0.11194580907923934,11.194580907923935,18,18,17,5,5,8,9,1,8
18,0.6,751.5699019554727,1746.7460239040474,1495.7850900460203,0.14367339637454524,14.367339637454524,18,18,18,5,3,10,8,0,10
18,0.7,986.0142147428535,2182.925806708651,1898.2571188359404,0.13040694603447167,13.040694603447168,18,18,18,5,3,10,8,0,10
18,0.8,1220.458527530234,2626.4624237207563,2306.4500775642728,0.12184158557392977,12.184158557392976,18,18,18,3,3,12,6,0,12
18,0.9,1454.902840317615,3075.4403884546177,2720.0843840143616,0.11554638021087427,11.554638021087428,18,18,18,3,3,12,6,0,12
18,1.0,1689.3471531049959,3524.418353188479,3133.7186904644504,0.11085507552489327,11.085507552489327,18,18,18,3,3,12,6,0,12
18,1.1,1923.7914658923762,3973.3963179223406,3547.3529969145393,0.10722396834317705,10.722396834317705,18,18,18,3,3,12,6,0,12
18,1.2,2158.30896013074,4422.374282656202,3881.51719511984,0.12230016117304032,12.230016117304032,18,18,18,3,3,12,5,0,13
18,1.3,2394.532886449791,4871.352247390064,4295.403251056599,0.1182318516674794,11.82318516674794,18,18,18,3,3,12,5,0,13
18,1.4,2630.7568127688423,5320.330212123925,4709.289306993358,0.11485018424949112,11.48501842494911,18,18,18,3,3,12,5,0,13
18,1.5,2866.980739087893,5771.059367360973,5124.9265534333035,0.11196086763237323,11.196086763237323,18,18,18,2,3,13,4,0,14
19,0.1,0.0,9.181671955650259,9.181671955650259,0.0,0.0,1,1,0,0,1,0,0,1,0
19,0.2,14.45772967089691,165.93680931411413,97.62972422683845,0.4116451640212758,41.16451640212758,10,8,2,2,3,5,2,6,0
19,0.3,120.49416395082069,509.55162590713985,474.4156229119385,0.06895474611164232,6.895474611164232,19,19,11,7,6,6,7,8,4
19,0.4,304.2117073000146,918.9701623273672,879.0162912095175,0.04347678820894829,4.34767882089483,19,19,13,6,6,7,7,6,6
19,0.5,519.256329423483,1341.780255706747,1253.795630016512,0.06557305141138148,6.557305141138148,19,19,17,6,5,8,9,2,8
19,0.6,751.5699019554727,1768.0772271369115,1650.7405593728029,0.06636399471877963,6.636399471877963,19,19,18,6,4,9,8,1,10
19,0.7,988.8633652072666,2211.9289805043254,1901.1062693003537,0.1405211080208838,14.05211080208838,19,19,19,6,3,10,9,0,10
19,0.8,1226.4699556548155,2666.6459374039296,2312.4615056888542,0.132820194367418,13.282019436741798,19,19,19,4,3,12,7,0,12
19,0.9,1464.076546102365,3126.8042420252896,2729.258089799111,0.1271413626996618,12.71413626996618,19,19,19,4,3,12,7,0,12
19,1.0,1701.7581236145666,3586.96254664665,3161.7235487178564,0.11855127908328389,11.855127908328388,19,19,19,4,3,12,6,0,13
19,1.1,1941.5876012090814,4047.120851268011,3585.215155930079,0.11413192546331086,11.413192546331086,19,19,19,4,3,12,6,0,13
19,1.2,2181.417078803597,4507.279155889371,4010.483014726145,0.11022085031367423,11.022085031367423,19,19,19,4,3,12,5,0,14
19,1.3,2421.2465563981123,4967.437460510731,4435.974621938369,0.10698933661415833,10.698933661415833,19,19,19,4,3,12,5,0,14
19,1.4,2661.0760339926273,5427.595765132091,4861.466229150591,0.10430576639815814,10.430576639815815,19,19,19,4,3,12,5,0,14
19,1.5,2900.9055115871424,5889.505260256639,5288.709026866,0.10201132469392837,10.201132469392837,19,19,19,3,3,13,4,0,15
20,0.1,0.0,9.181671955650259,9.181671955650259,0.0,0.0,1,1,0,0,1,0,0,1,0
20,0.2,14.45772967089691,165.93680931411413,97.62972422683845,0.4116451640212758,41.16451640212758,10,8,2,2,3,5,2,6,0
20,0.3,120.49416395082069,509.55162590713985,474.4156229119385,0.06895474611164232,6.895474611164232,19,19,11,7,6,6,7,8,4
20,0.4,304.2117073000146,921.7929800692891,890.1333969739621,0.03434565437127457,3.434565437127457,20,20,13,6,6,8,7,7,6
20,0.5,519.256329423483,1352.2152966873496,1299.4074839459813,0.039052814201064434,3.9052814201064434,20,20,17,6,5,9,9,3,8
20,0.6,751.5699019554727,1788.8997991446054,1755.2144501443224,0.018830204473380907,1.8830204473380907,20,20,18,7,4,9,8,2,10
20,0.7,988.8633652072666,2240.1188051059567,2085.216498101363,0.06914914809496764,6.914914809496764,20,20,19,6,4,10,9,1,10
20,0.8,1228.1105965501172,2703.56707187461,2326.6086190851192,0.13943003549311384,13.943003549311383,20,20,20,5,3,12,8,0,12
20,0.9,1471.1023518048012,3173.7253764959705,2748.790368002511,0.1338915495462999,13.389154954629989,20,20,20,5,3,12,8,0,12
20,1.0,1714.094107059485,3643.8836811173305,3174.0595321627748,0.1289350017919597,12.893500179195971,20,20,20,5,3,12,7,0,13
20,1.1,1957.085862314168,4114.041985738691,3600.7134170351665,0.12477475205235533,12.477475205235534,20,20,20,5,3,12,7,0,13
20,1.2,2200.0776175688525,4584.200290360051,4029.1435534914003,0.12108038517336595,12.108038517336595,20,20,20,5,3,12,6,0,14
20,1.3,2443.0693728235356,5054.358594981412,4457.797438363792,0.11802905262993402,11.802905262993402,20,20,20,5,3,12,6,0,14
20,1.4,2686.061128078219,5524.516899602771,4886.451323236182,0.1154970810954471,11.54970810954471,20,20,20,5,3,12,6,0,14
20,1.5,2929.0528833329026,5996.426394727319,5316.856398611761,0.11332916496950707,11.332916496950707,20,20,20,4,3,13,5,0,15
21,0.1,0.0,9.181671955650259,9.181671955650259,0.0,0.0,1,1,0,0,1,0,0,1,0
21,0.2,14.45772967089691,165.93680931411413,97.62972422683845,0.4116451640212758,41.16451640212758,10,8,2,2,3,5,2,6,0
21,0.3,120.49416395082069,509.55162590713985,474.4156229119385,0.06895474611164232,6.895474611164232,19,19,11,7,6,6,7,8,4
21,0.4,304.2117073000146,923.0061835048856,890.7310722814702,0.034967383534592056,3.4967383534592056,21,21,13,7,6,8,7,8,6
21,0.5,519.256329423483,1361.0378686950435,1328.9621543658898,0.023567099099092492,2.3567099099092492,21,21,17,7,5,9,9,4,8
21,0.6,751.5699019554727,1809.0896237462362,1795.2094270731413,0.007672475974049298,0.7672475974049298,21,21,18,7,5,9,8,3,10
21,0.7,988.8633652072666,2267.039939576637,2213.6903888728825,0.023532691141611495,2.3532691141611495,21,21,19,7,4,10,9,2,10
21,0.8,1228.6303264421942,2735.363258112323,2353.961164707194,0.13943379998031236,13.943379998031237,21,21,21,6,4,11,8,0,13
21,0.9,1473.858149674378,3210.293918990894,2782.8511175570848,0.1331475597624311,13.31475597624311,21,21,21,6,3,12,8,0,13
21,1.0,1719.0859729065614,3687.699523610743,3211.741070406976,0.12906649529236613,12.906649529236613,21,21,21,5,4,12,8,0,13
21,1.1,1964.3137961387445,4165.668077908011,3640.631023256867,0.12603909981104788,12.603909981104788,21,21,21,5,4,12,8,0,13
21,1.2,2209.5416193709284,4643.758287874414,4071.2972276906007,0.12327537841032765,12.327537841032765,21,21,21,5,3,13,7,0,14
21,1.3,2454.7694426031117,5122.987660307641,4502.187180540493,0.1211793822142192,12.11793822142192,21,21,21,5,3,13,7,0,14
21,1.4,2699.997265835295,5602.217032740867,4936.73436342947,0.11878916247302385,11.878916247302385,21,21,21,5,3,13,6,0,15
21,1.5,2945.225089067478,6083.1975956772785,5374.375506782548,0.11652129948868006,11.652129948868007,21,21,21,4,3,14,5,0,16
22,0.1,0.0,9.181671955650259,9.181671955650259,0.0,0.0,1,1,0,0,1,0,0,1,0
22,0.2,14.45772967089691,165.93680931411413,97.62972422683845,0.4116451640212758,41.16451640212758,10,8,2,2,3,5,2,6,0
22,0.3,120.49416395082069,509.55162590713985,474.4156229119385,0.06895474611164232,6.895474611164232,19,19,11,7,6,6,7,8,4
22,0.4,304.2117073000146,923.6038588123937,891.2168542388656,0.03506590435337997,3.5065904353379973,22,22,13,7,7,8,7,9,6
22,0.5,519.256329423483,1369.3221399425054,1350.5195666392449,0.013731300148298153,1.3731300148298153,22,22,17,8,5,9,9,5,8
22,0.6,751.5699019554727,1826.9124576544114,1817.186618993453,0.005323647895775663,0.5323647895775663,22,22,18,8,5,9,9,4,9
22,0.7,988.8633652072666,2291.7344838309195,2264.125672310612,0.012047124880782856,1.2047124880782856,22,22,19,8,4,10,9,3,10
22,0.8,1228.6303264421942,2764.8607327953814,2567.2261529824295,0.07148084439433433,7.148084439433433,22,22,21,7,4,11,8,1,13
22,0.9,1473.858149674378,3246.2995118084,3025.2708653065465,0.06808633821305232,6.808633821305232,22,22,21,6,4,12,8,1,13
22,1.0,1720.5330275493145,3731.3391339175323,3214.188125049729,0.1385966245112774,13.859662451127742,22,22,22,6,4,12,8,0,14
22,1.1,1967.7608507814975,4216.378756026665,3647.0780778996204,0.13502123767067098,13.502123767067097,22,22,22,6,4,12,8,0,14
22,1.2,2214.9886740136817,4703.194629719641,4079.9680307495105,0.13251133496197265,13.251133496197266,22,22,22,5,4,13,8,0,14
22,1.3,2462.216497245865,5190.234251828773,4512.857983599402,0.13050976803035397,13.050976803035397,22,22,22,5,4,13,8,0,14
22,1.4,2709.793193624694,5677.273873937906,4952.805209148032,0.1276085460868146,12.76085460868146,22,22,22,5,4,13,7,0,15
22,1.5,2959.0210168568774,6166.064686550225,5394.446352501111,0.1251395133320954,12.513951333209539,22,22,22,4,4,14,6,0,16
23,0.1,0.0,9.181671955650259,9.181671955650259,0.0,0.0,1,1,0,0,1,0,0,1,0
23,0.2,14.45772967089691,165.93680931411413,97.62972422683845,0.4116451640212758,41.16451640212758,10,8,2,2,3,5,2,6,0
23,0.3,120.49416395082069,509.55162590713985,474.4156229119385,0.06895474611164232,6.895474611164232,19,19,11,7,6,6,7,8,4
23,0.4,304.2117073000146,924.0896407697891,891.2168542388656,0.03557315771177738,3.557315771177738,23,22,13,7,8,8,7,9,6
23,0.5,519.256329423483,1376.990883061879,1371.850769872109,0.003732859275248468,0.3732859275248468,23,23,17,8,6,9,10,6,7
23,0.6,751.5699019554727,1843.8335921250916,1838.517822226317,0.002882998726933872,0.2882998726933872,23,23,18,9,5,9,10,5,8
23,0.7,988.8633652072666,2314.1608907021127,2292.3154969122434,0.009439876837276207,0.9439876837276207,23,23,19,9,4,10,9,4,10
23,0.8,1228.6303264421942,2793.742679350351,2719.700043753949,0.026503026260678908,2.650302626067891,23,23,21,7,5,11,8,2,13
23,0.9,1473.858149674378,3282.2525261752353,3201.7447560780665,0.024528207215970488,2.452820721597049,23,23,21,6,5,12,8,2,13
23,1.0,1720.5330275493145,3774.3632160962334,3485.762632273418,0.07646338396687491,7.646338396687491,23,23,22,6,5,12,8,1,14
23,1.1,1967.7608507814975,4266.4739060172315,3947.8073445975356,0.07469084973665574,7.469084973665574,23,23,22,6,5,12,8,1,14
23,1.2,2216.784601803081,4760.360847522073,4081.76395853891,0.14255156504288846,14.255156504288847,23,23,23,5,5,13,9,0,14
23,1.3,2468.012425035264,5254.471537443071,4523.586059357052,0.13909780895714619,13.909780895714619,23,23,23,5,5,13,8,0,15
23,1.4,2719.2402482674474,5748.582227364068,4965.476012206942,0.13622597436798056,13.622597436798056,23,23,23,5,5,13,8,0,15
23,1.5,2970.4680714996307,6244.444107788253,5409.1171555600195,0.1337712273197208,13.37712273197208,23,23,23,4,5,14,7,0,16
24,0.1,0.0,9.181671955650259,9.181671955650259,0.0,0.0,1,1,0,0,1,0,0,1,0
24,0.2,14.45772967089691,165.93680931411413,97.62972422683845,0.4116451640212758,41.16451640212758,10,8,2,2,3,5,2,6,0
24,0.3,120.49416395082069,509.55162590713985,474.4156229119385,0.06895474611164232,6.895474611164232,19,19,11,7,6,6,7,8,4
24,0.4,304.2117073000146,924.0896407697891,891.2168542388656,0.03557315771177738,3.557315771177738,23,22,13,7,8,8,7,9,6
24,0.5,519.256329423483,1383.9120175325595,1379.5195129914825,0.003173976730766803,0.3173976730766803,24,24,17,9,6,9,10,7,7
24,0.6,751.5699019554727,1859.188931184419,1853.257633157556,0.0031902610473720783,0.3190261047372078,24,24,18,10,5,9,10,6,8
24,0.7,988.8633652072666,2335.971769445217,2314.1263756553476,0.009351737069604016,0.9351737069604016,24,24,19,9,5,10,9,5,10
24,0.8,1228.6303264421942,2821.9380224919505,2780.575633700589,0.014657440546775646,1.4657440546775646,24,24,21,7,6,11,8,3,13
24,0.9,1473.858149674378,3316.3132757298094,3273.060652533617,0.013042381584614904,1.3042381584614904,24,24,21,6,5,13,8,3,13
24,1.0,1720.5330275493145,3815.132169583306,3686.2365230449377,0.03378536858198722,3.378536858198722,24,24,22,6,5,13,8,2,14
24,1.1,1967.7608507814975,4313.951063436803,4172.281235369055,0.03283992469652264,3.2839924696522638,24,24,22,6,5,13,8,2,14
24,1.2,2216.784601803081,4814.546208874144,4411.647984711052,0.0836835304271194,8.36835304271194,24,24,23,5,5,14,9,1,14
24,1.3,2468.012425035264,5315.365102727643,4882.62484500342,0.08141308251848156,8.141308251848155,24,24,23,5,5,14,8,1,15
24,1.4,2719.2402482674474,5816.18399658114,5353.669557327537,0.07952197515165904,7.952197515165905,24,24,23,5,5,14,8,1,15
24,1.5,2970.4680714996307,6321.73546985233,5826.465460154841,0.07834399462922459,7.834399462922459,24,24,23,4,5,15,7,1,16
25,0.1,0.0,9.181671955650259,9.181671955650259,0.0,0.0,1,1,0,0,1,0,0,1,0
25,0.2,14.45772967089691,165.93680931411413,97.62972422683845,0.4116451640212758,41.16451640212758,10,8,2,2,3,5,2,6,0
25,0.3,120.49416395082069,509.55162590713985,474.4156229119385,0.06895474611164232,6.895474611164232,19,19,11,7,6,6,7,8,4
25,0.4,304.2117073000146,924.0896407697891,891.2168542388656,0.03557315771177738,3.557315771177738,23,22,13,7,8,8,7,9,6
25,0.5,519.256329423483,1390.5545115532357,1385.6621491983703,0.0035182816022081287,0.35182816022081287,25,25,17,10,6,9,10,8,7
25,0.6,751.5699019554727,1873.9287421156582,1865.8324769473418,0.004320476540199625,0.4320476540199625,25,25,18,10,6,9,10,7,8
25,0.7,988.8633652072666,2357.3029726780806,2335.457578888211,0.009267113325297949,0.9267113325297949,25,25,19,10,6,9,10,6,9
25,0.8,1228.6303264421942,2849.290568114025,2809.457580255559,0.013979966909739128,1.3979966909739128,25,25,21,7,6,12,8,4,13
25,0.9,1473.858149674378,3348.1094619675223,3309.066245351123,0.0116612724464078,1.16612724464078,25,25,21,7,6,12,8,4,13
25,1.0,1720.5330275493145,3849.559077037656,3767.992726009399,0.021188491823594724,2.1188491823594724,25,25,22,6,6,13,8,3,14
25,1.1,1967.7608507814975,4354.034825140647,4264.477744842427,0.020568756083692352,2.056875608369235,25,25,22,6,6,13,8,3,14
25,1.2,2216.784601803081,4860.286824827479,4660.121875482571,0.04118377300747322,4.118377300747323,25,25,23,5,6,14,9,2,14
25,1.3,2468.012425035264,5366.762572930469,5155.098735774939,0.039439761733292555,3.9439761733292555,25,25,23,5,6,14,8,2,15
25,1.4,2719.2402482674474,5873.238321033458,5650.1434480990565,0.037984985580347796,3.7984985580347796,25,25,23,5,6,14,8,2,15
25,1.5,2970.4680714996307,6384.446648554142,6146.939350926361,0.037200921348691685,3.7200921348691685,25,25,23,4,6,15,7,2,16
26,0.1,0.0,9.181671955650259,9.181671955650259,0.0,0.0,1,1,0,0,1,0,0,1,0
26,0.2,14.45772967089691,165.93680931411413,97.62972422683845,0.4116451640212758,41.16451640212758,10,8,2,2,3,5,2,6,0
26,0.3,120.49416395082069,509.55162590713985,474.4156229119385,0.06895474611164232,6.895474611164232,19,19,11,7,6,6,7,8,4
26,0.4,304.2117073000146,924.0896407697891,891.2168542388656,0.03557315771177738,3.557315771177738,23,22,13,7,8,8,7,9,6
26,0.5,519.256329423483,1396.6971477601235,1390.4267433122495,0.004489451745448014,0.44894517454480143,26,26,17,10,7,9,10,9,7
26,0.6,751.5699019554727,1886.5035859054442,1877.6319674037218,0.004702677783389619,0.47026777833896194,26,26,18,10,7,9,10,8,8
26,0.7,988.8633652072666,2377.6880661437735,2355.8426723539037,0.009187661788326862,0.9187661788326862,26,26,19,10,7,9,10,7,9
26,0.8,1228.6303264421942,2872.40376706939,2837.6529233971587,0.01209817507922517,1.209817507922517,26,26,21,7,7,12,8,5,13
26,0.9,1473.858149674378,3376.8795151723793,3345.0192597179584,0.009434821500522106,0.9434821500522106,26,26,21,7,7,12,8,5,13
26,1.0,1720.5330275493145,3881.355263275369,3811.808568502811,0.017918147156122388,1.7918147156122388,26,26,22,7,7,12,8,4,14
26,1.1,1967.7608507814975,4385.831011378359,4316.103837011746,0.015898281120662605,1.5898281120662605,26,26,22,7,7,12,8,4,14
26,1.2,2216.784601803081,4895.974597452282,4762.758691464854,0.02720927229825698,2.720927229825698,26,26,23,6,6,14,9,3,14
26,1.3,2468.012425035264,5407.835510362406,5268.175858266132,0.025825425316406192,2.582542531640619,26,26,23,6,6,14,8,3,15
26,1.4,2719.2402482674474,5923.353653311617,5773.66087709916,0.025271625665769126,2.5271625665769126,26,26,23,5,6,15,8,3,15
26,1.5,2970.4680714996307,6441.965756724929,6280.897086435375,0.025003031120028885,2.5003031120028885,26,26,23,4,6,16,7,3,16
27,0.1,0.0,9.181671955650259,9.181671955650259,0.0,0.0,1,1,0,0,1,0,0,1,0
27,0.2,14.45772967089691,165.93680931411413,97.62972422683845,0.4116451640212758,41.16451640212758,10,8,2,2,3,5,2,6,0
27,0.3,120.49416395082069,509.55162590713985,474.4156229119385,0.06895474611164232,6.895474611164232,19,19,11,7,6,6,7,8,4
27,0.4,304.2117073000146,924.0896407697891,891.2168542388656,0.03557315771177738,3.557315771177738,23,22,13,7,8,8,7,9,6
27,0.5,519.256329423483,1401.6746071471027,1391.050258333274,0.007579754073916534,0.7579754073916534,27,27,17,10,8,9,10,10,7
27,0.6,751.5699019554727,1898.3030763618244,1886.2554824247468,0.006346507092095832,0.6346507092095832,27,27,18,10,8,9,10,9,8
27,0.7,988.8633652072666,2395.144410849646,2373.299017059776,0.009120700067567489,0.9120700067567489,27,27,19,10,8,9,10,8,9
27,0.8,1228.6303264421942,2893.7349703022537,2861.933203167315,0.010989868616619436,1.0989868616619436,27,27,21,8,8,11,9,6,12
27,0.9,1473.858149674378,3398.210718405244,3373.789312922816,0.007186548306188811,0.7186548306188811,27,27,21,8,8,11,8,6,13
27,1.0,1720.5330275493145,3902.686466508233,3854.832650681512,0.012261762823477906,1.2261762823477906,27,27,22,8,8,11,8,5,14
27,1.1,1967.7608507814975,4408.617712728471,4366.198987002313,0.009621774553889684,0.9621774553889684,27,27,22,8,7,12,8,5,14
27,1.2,2216.784601803081,4920.751046712485,4822.195033310079,0.02002865263184772,2.002865263184772,27,27,23,6,7,14,9,4,14
27,1.3,2468.012425035264,5437.051810229068,5335.422449787265,0.018691997793841453,1.8691997793841453,27,27,23,6,7,14,8,4,15
27,1.4,2719.2402482674474,5953.912723139192,5848.717718296199,0.0176682141197948,1.76682141197948,27,27,23,6,7,14,8,4,15
27,1.5,2970.4680714996307,6475.227487359369,6363.7641773083205,0.01721380604289835,1.721380604289835,27,27,23,4,7,16,7,4,16
28,0.1,0.0,9.181671955650259,9.181671955650259,0.0,0.0,1,1,0,0,1,0,0,1,0
28,0.2,14.45772967089691,165.93680931411413,97.62972422683845,0.4116451640212758,41.16451640212758,10,8,2,2,3,5,2,6,0
28,0.3,120.49416395082069,509.55162590713985,474.4156229119385,0.06895474611164232,6.895474611164232,19,19,11,7,6,6,7,8,4
28,0.4,304.2117073000146,924.0896407697891,891.2168542388656,0.03557315771177738,3.557315771177738,23,22,13,7,8,8,7,9,6
28,0.5,519.256329423483,1406.439201260982,1391.050258333274,0.010941776163456263,1.0941776163456263,28,27,17,10,9,9,10,10,7
28,0.6,751.5699019554727,1906.1089628735497,1894.0613689364723,0.006320516912587726,0.6320516912587726,28,28,18,10,9,9,10,10,8
28,0.7,988.8633652072666,2405.7787244861174,2383.933330696248,0.009080383647725343,0.9080383647725343,28,28,19,10,9,9,10,9,9
28,0.8,1228.6303264421942,2907.1977110634716,2885.04640212268,0.007619471099779007,0.7619471099779007,28,28,21,8,9,11,9,7,12
28,0.9,1473.858149674378,3414.5018862912075,3398.0695926929725,0.00481250095781427,0.48125009578142697,28,28,21,8,9,11,9,7,12
28,1.0,1720.5330275493145,3921.8060615189434,3889.259558135862,0.008298855902751034,0.8298855902751034,28,28,22,8,9,11,8,6,14
28,1.1,1967.7608507814975,4430.565734863927,4406.282748706155,0.005480786791332348,0.5480786791332348,28,28,22,8,8,12,8,6,14
28,1.2,2216.784601803081,4945.03132648264,4879.361251112512,0.013280012002843788,1.3280012002843788,28,28,23,7,8,13,9,5,14
28,1.3,2468.012425035264,5464.6566866140165,5399.659735401562,0.011894059396570733,1.1894059396570733,28,28,23,6,8,14,8,5,15
28,1.4,2719.2402482674474,5984.346026648887,5920.026071722361,0.010748034060882095,1.0748034060882095,28,28,23,6,8,14,8,5,15
28,1.5,2970.4680714996307,6505.786557186944,6442.143598546349,0.009782515623770194,0.9782515623770194,28,28,23,5,8,15,7,5,16
29,0.1,0.0,9.181671955650259,9.181671955650259,0.0,0.0,1,1,0,0,1,0,0,1,0
29,0.2,14.45772967089691,165.93680931411413,97.62972422683845,0.4116451640212758,41.16451640212758,10,8,2,2,3,5,2,6,0
29,0.3,120.49416395082069,509.55162590713985,474.4156229119385,0.06895474611164232,6.895474611164232,19,19,11,7,6,6,7,8,4
29,0.4,304.2117073000146,924.0896407697891,891.2168542388656,0.03557315771177738,3.557315771177738,23,22,13,7,8,8,7,9,6
29,0.5,519.256329423483,1406.439201260982,1391.050258333274,0.010941776163456263,1.0941776163456263,28,27,17,10,9,9,10,10,7
29,0.6,751.5699019554727,1908.3698914063057,1896.3222974692285,0.006313028722224834,0.6313028722224834,29,29,18,10,10,9,10,11,8
29,0.7,988.8633652072666,2412.511788973873,2394.3442130359535,0.007530564626026859,0.7530564626026859,29,29,19,10,10,9,11,10,8
29,0.8,1228.6303264421942,2917.9809781159347,2906.377605355544,0.003976507334150892,0.39765073341508916,29,29,21,9,10,10,10,8,11
29,0.9,1473.858149674378,3426.5182580270503,3419.400795925836,0.0020771703418012155,0.20771703418012155,29,29,21,9,9,11,10,8,11
29,1.0,1720.5330275493145,3939.2075980619206,3913.5398379060184,0.006515970412052097,0.6515970412052097,29,29,22,9,9,11,9,7,13
29,1.1,1967.7608507814975,4451.896938096792,4430.563028476311,0.004792094227949795,0.47920942279497947,29,29,22,9,9,11,9,7,13
29,1.2,2216.784601803081,4966.362529715504,4925.101867065846,0.00830802471683878,0.830802471683878,29,29,23,8,9,12,9,6,14
29,1.3,2468.012425035264,5486.9878898468805,5451.057205604388,0.00654834400290516,0.654834400290516,29,29,23,6,9,14,8,6,15
29,1.4,2719.2402482674474,6009.331120734479,5977.080396174681,0.00536677442328326,0.536677442328326,29,29,23,7,8,14,8,6,15
29,1.5,2970.4680714996307,6533.9339289327045,6504.854777248161,0.0044504814405574855,0.44504814405574855,29,29,23,6,8,15,7,6,16
30,0.1,0.0,9.181671955650259,9.181671955650259,0.0,0.0,1,1,0,0,1,0,0,1,0
30,0.2,14.45772967089691,165.93680931411413,97.62972422683845,0.4116451640212758,41.16451640212758,10,8,2,2,3,5,2,6,0
30,0.3,120.49416395082069,509.55162590713985,474.4156229119385,0.06895474611164232,6.895474611164232,19,19,11,7,6,6,7,8,4
30,0.4,304.2117073000146,924.0896407697891,891.2168542388656,0.03557315771177738,3.557315771177738,23,22,13,7,8,8,7,9,6
30,0.5,519.256329423483,1406.439201260982,1391.050258333274,0.010941776163456263,1.0941776163456263,28,27,17,10,9,9,10,10,7
30,0.6,751.5699019554727,1908.3698914063057,1896.3222974692285,0.006313028722224834,0.6313028722224834,29,29,18,10,10,9,10,11,8
30,0.7,988.8633652072666,2415.3609394382866,2401.077277523709,0.0059136759568112485,0.5913675956811248,30,30,19,11,10,9,11,11,8
30,0.8,1228.6303264421942,2923.992406240516,2919.840346116762,0.0014199968901741356,0.14199968901741356,30,30,21,10,10,10,10,9,11
30,0.9,1473.858149674378,3435.6919638117997,3435.6919638117997,0.0,0.0,30,30,21,10,9,11,10,9,11
30,1.0,1720.5330275493145,3951.543581506839,3934.871041138882,0.004219247497606826,0.4219247497606826,30,30,22,10,9,11,10,8,12
30,1.1,1967.7608507814975,4467.395199201878,4452.511050611767,0.0033317286531467927,0.33317286531467927,30,30,22,10,9,11,9,8,13
30,1.2,2216.784601803081,4985.023068480759,4949.878316326049,0.007050068108395258,0.7050068108395258,30,30,23,9,9,12,9,7,14
30,1.3,2468.012425035264,5508.810706272305,5478.662081989338,0.005472800916655141,0.5472800916655141,30,30,23,7,9,14,8,7,15
30,1.4,2719.2402482674474,6033.662323967343,6007.513699684376,0.004333789807742017,0.43337898077420167,30,30,23,7,9,14,8,7,15
30,1.5,2970.4680714996307,6558.513941662382,6538.116507882602,0.0031100694396954953,0.31100694396954953,30,30,23,7,9,14,7,7,16
31,0.1,0.0,9.181671955650259,9.181671955650259,0.0,0.0,1,1,0,0,1,0,0,1,0
31,0.2,14.45772967089691,165.93680931411413,97.62972422683845,0.4116451640212758,41.16451640212758,10,8,2,2,3,5,2,6,0
31,0.3,120.49416395082069,509.55162590713985,474.4156229119385,0.06895474611164232,6.895474611164232,19,19,11,7,6,6,7,8,4
31,0.4,304.2117073000146,924.0896407697891,891.2168542388656,0.03557315771177738,3.557315771177738,23,22,13,7,8,8,7,9,6
31,0.5,519.256329423483,1406.439201260982,1391.050258333274,0.010941776163456263,1.0941776163456263,28,27,17,10,9,9,10,10,7
31,0.6,751.5699019554727,1908.3698914063057,1896.3222974692285,0.006313028722224834,0.6313028722224834,29,29,18,10,10,9,10,11,8
31,0.7,988.8633652072666,2415.3609394382866,2401.077277523709,0.0059136759568112485,0.5913675956811248,30,30,19,11,10,9,11,11,8
31,0.8,1228.6303264421942,2925.633047135818,2925.633047135818,0.0,0.0,31,31,21,11,10,10,11,10,10
31,0.9,1473.858149674378,3441.4846648308567,3441.4846648308567,0.0,0.0,31,31,21,11,10,10,11,10,10
31,1.0,1720.5330275493145,3958.357290552666,3953.990636149592,0.0011031481199275106,0.11031481199275106,31,31,22,10,10,11,10,9,12
31,1.1,1967.7608507814975,4479.208908247705,4473.842253844631,0.001198125497828939,0.1198125497828939,31,31,22,10,10,11,10,9,12
31,1.2,2216.784601803081,5001.836777526587,4974.158596096206,0.00553360348637133,0.553360348637133,31,31,23,9,10,12,10,8,13
31,1.3,2468.012425035264,5525.688395221627,5502.946233887749,0.004115715492307492,0.41157154923074923,31,31,23,8,10,13,9,8,14
31,1.4,2719.2402482674474,6051.467933915538,6031.84490291724,0.0032426894123194216,0.32426894123194216,31,31,23,7,10,14,8,8,15
31,1.5,2970.4680714996307,6581.704716417713,6562.6965206122795,0.0028880353380209556,0.28880353380209556,31,31,23,7,10,14,8,8,15
32,0.1,0.0,9.181671955650259,9.181671955650259,0.0,0.0,1,1,0,0,1,0,0,1,0
32,0.2,14.45772967089691,165.93680931411413,97.62972422683845,0.4116451640212758,41.16451640212758,10,8,2,2,3,5,2,6,0
32,0.3,120.49416395082069,509.55162590713985,474.4156229119385,0.06895474611164232,6.895474611164232,19,19,11,7,6,6,7,8,4
32,0.4,304.2117073000146,924.0896407697891,891.2168542388656,0.03557315771177738,3.557315771177738,23,22,13,7,8,8,7,9,6
32,0.5,519.256329423483,1406.439201260982,1391.050258333274,0.010941776163456263,1.0941776163456263,28,27,17,10,9,9,10,10,7
32,0.6,751.5699019554727,1908.3698914063057,1896.3222974692285,0.006313028722224834,0.6313028722224834,29,29,18,10,10,9,10,11,8
32,0.7,988.8633652072666,2415.3609394382866,2401.077277523709,0.0059136759568112485,0.5913675956811248,30,30,19,11,10,9,11,11,8
32,0.8,1228.6303264421942,2925.633047135818,2925.633047135818,0.0,0.0,31,31,21,11,10,10,11,10,10
32,0.9,1473.858149674378,3443.298373876684,3443.298373876684,0.0,0.0,32,32,21,11,11,10,11,11,10
32,1.0,1720.5330275493145,3964.1499915717227,3960.804345195419,0.0008439757283192906,0.08439757283192906,32,32,22,11,11,10,10,10,12
32,1.1,1967.7608507814975,4485.655962890458,4485.655962890458,0.0,0.0,32,32,22,10,10,12,10,10,12
32,1.2,2216.784601803081,5010.507580585497,4995.489799329069,0.0029972574664127727,0.29972574664127727,32,32,23,10,10,12,11,9,12
32,1.3,2468.012425035264,5538.108840362687,5525.277437120614,0.002316928686658448,0.23169286866584482,32,32,23,8,11,13,9,9,14
32,1.4,2719.2402482674474,6068.34562286486,6056.129054815652,0.002013162863232054,0.20131628632320542,32,32,23,8,11,13,9,9,14
32,1.5,2970.4680714996307,6598.582405367034,6586.980672510691,0.0017582159536124742,0.17582159536124742,32,32,23,8,11,13,9,9,14
33,0.1,0.0,9.181671955650259,9.181671955650259,0.0,0.0,1,1,0,0,1,0,0,1,0
33,0.2,14.45772967089691,165.93680931411413,97.62972422683845,0.4116451640212758,41.16451640212758,10,8,2,2,3,5,2,6,0
33,0.3,120.49416395082069,509.55162590713985,474.4156229119385,0.06895474611164232,6.895474611164232,19,19,11,7,6,6,7,8,4
33,0.4,304.2117073000146,924.0896407697891,891.2168542388656,0.03557315771177738,3.557315771177738,23,22,13,7,8,8,7,9,6
33,0.5,519.256329423483,1406.439201260982,1391.050258333274,0.010941776163456263,1.0941776163456263,28,27,17,10,9,9,10,10,7
33,0.6,751.5699019554727,1908.3698914063057,1896.3222974692285,0.006313028722224834,0.6313028722224834,29,29,18,10,10,9,10,11,8
33,0.7,988.8633652072666,2415.3609394382866,2401.077277523709,0.0059136759568112485,0.5913675956811248,30,30,19,11,10,9,11,11,8
33,0.8,1228.6303264421942,2925.633047135818,2925.633047135818,0.0,0.0,31,31,21,11,10,10,11,10,10
33,0.9,1473.858149674378,3443.298373876684,3443.298373876684,0.0,0.0,32,32,21,11,11,10,11,11,10
33,1.0,1720.5330275493145,3966.5970462144755,3966.5970462144755,0.0,0.0,33,33,22,11,11,11,11,11,11
33,1.1,1967.7608507814975,4491.448663909515,4491.448663909515,0.0,0.0,33,33,22,11,11,11,11,11,11
33,1.2,2216.784601803081,5017.542860919423,5012.303508374896,0.0010442068338538668,0.10442068338538668,33,33,23,10,11,12,11,10,12
33,1.3,2468.012425035264,5548.779643421598,5542.155126069936,0.001193869242855139,0.1193869242855139,33,33,23,9,11,13,10,10,13
33,1.4,2719.2402482674474,6081.01642592377,6073.934664763847,0.0011645686615371353,0.11645686615371353,33,33,23,9,11,13,9,10,14
33,1.5,2970.4680714996307,6613.253208425944,6610.171447266021,0.0004659977567464946,0.04659977567464946,33,33,23,9,11,13,9,10,14
34,0.1,0.0,9.181671955650259,9.181671955650259,0.0,0.0,1,1,0,0,1,0,0,1,0
34,0.2,14.45772967089691,165.93680931411413,97.62972422683845,0.4116451640212758,41.16451640212758,10,8,2,2,3,5,2,6,0
34,0.3,120.49416395082069,509.55162590713985,474.4156229119385,0.06895474611164232,6.895474611164232,19,19,11,7,6,6,7,8,4
34,0.4,304.2117073000146,924.0896407697891,891.2168542388656,0.03557315771177738,3.557315771177738,23,22,13,7,8,8,7,9,6
34,0.5,519.256329423483,1406.439201260982,1391.050258333274,0.010941776163456263,1.0941776163456263,28,27,17,10,9,9,10,10,7
34,0.6,751.5699019554727,1908.3698914063057,1896.3222974692285,0.006313028722224834,0.6313028722224834,29,29,18,10,10,9,10,11,8
34,0.7,988.8633652072666,2415.3609394382866,2401.077277523709,0.0059136759568112485,0.5913675956811248,30,30,19,11,10,9,11,11,8
34,0.8,1228.6303264421942,2925.633047135818,2925.633047135818,0.0,0.0,31,31,21,11,10,10,11,10,10
34,0.9,1473.858149674378,3443.298373876684,3443.298373876684,0.0,0.0,32,32,21,11,11,10,11,11,10
34,1.0,1720.5330275493145,3966.5970462144755,3966.5970462144755,0.0,0.0,33,33,22,11,11,11,11,11,11
34,1.1,1967.7608507814975,4493.098779436307,4493.098779436307,0.0,0.0,34,34,22,11,12,11,11,12,11
34,1.2,2216.784601803081,5023.33556193848,5019.338788708823,0.0007956412985706818,0.07956412985706818,34,34,23,11,12,11,11,11,12
34,1.3,2468.012425035264,5554.575571210997,5554.575571210997,0.0,0.0,34,34,23,10,11,13,10,11,13
34,1.4,2719.2402482674474,6090.812353713169,6090.812353713169,0.0,0.0,34,34,23,10,11,13,10,11,13
34,1.5,2970.4680714996307,6627.0491362153425,6627.0491362153425,0.0,0.0,34,34,23,10,11,13,10,11,13
35,0.1,0.0,9.181671955650259,9.181671955650259,0.0,0.0,1,1,0,0,1,0,0,1,0
35,0.2,14.45772967089691,165.93680931411413,97.62972422683845,0.4116451640212758,41.16451640212758,10,8,2,2,3,5,2,6,0
35,0.3,120.49416395082069,509.55162590713985,474.4156229119385,0.06895474611164232,6.895474611164232,19,19,11,7,6,6,7,8,4
35,0.4,304.2117073000146,924.0896407697891,891.2168542388656,0.03557315771177738,3.557315771177738,23,22,13,7,8,8,7,9,6
35,0.5,519.256329423483,1406.439201260982,1391.050258333274,0.010941776163456263,1.0941776163456263,28,27,17,10,9,9,10,10,7
35,0.6,751.5699019554727,1908.3698914063057,1896.3222974692285,0.006313028722224834,0.6313028722224834,29,29,18,10,10,9,10,11,8
35,0.7,988.8633652072666,2415.3609394382866,2401.077277523709,0.0059136759568112485,0.5913675956811248,30,30,19,11,10,9,11,11,8
35,0.8,1228.6303264421942,2925.633047135818,2925.633047135818,0.0,0.0,31,31,21,11,10,10,11,10,10
35,0.9,1473.858149674378,3443.298373876684,3443.298373876684,0.0,0.0,32,32,21,11,11,10,11,11,10
35,1.0,1720.5330275493145,3966.5970462144755,3966.5970462144755,0.0,0.0,33,33,22,11,11,11,11,11,11
35,1.1,1967.7608507814975,4493.098779436307,4493.098779436307,0.0,0.0,34,34,22,11,12,11,11,12,11
35,1.2,2216.784601803081,5025.131489727879,5025.131489727879,0.0,0.0,35,35,23,12,12,11,12,12,11
35,1.3,2468.012425035264,5560.368272230053,5560.368272230054,-2.220446049250313e-16,-2.220446049250313e-14,35,35,23,11,12,12,11,12,12
35,1.4,2719.2402482674474,6096.605054732226,6096.605054732227,-2.220446049250313e-16,-2.220446049250313e-14,35,35,23,11,12,12,11,12,12
35,1.5,2970.4680714996307,6632.8418372343995,6632.8418372343995,0.0,0.0,35,35,23,11,12,12,11,12,12
36,0.1,0.0,9.181671955650259,9.181671955650259,0.0,0.0,1,1,0,0,1,0,0,1,0
36,0.2,14.45772967089691,165.93680931411413,97.62972422683845,0.4116451640212758,41.16451640212758,10,8,2,2,3,5,2,6,0
36,0.3,120.49416395082069,509.55162590713985,474.4156229119385,0.06895474611164232,6.895474611164232,19,19,11,7,6,6,7,8,4
36,0.4,304.2117073000146,924.0896407697891,891.2168542388656,0.03557315771177738,3.557315771177738,23,22,13,7,8,8,7,9,6
36,0.5,519.256329423483,1406.439201260982,1391.050258333274,0.010941776163456263,1.0941776163456263,28,27,17,10,9,9,10,10,7
36,0.6,751.5699019554727,1908.3698914063057,1896.3222974692285,0.006313028722224834,0.6313028722224834,29,29,18,10,10,9,10,11,8
36,0.7,988.8633652072666,2415.3609394382866,2401.077277523709,0.0059136759568112485,0.5913675956811248,30,30,19,11,10,9,11,11,8
36,0.8,1228.6303264421942,2925.633047135818,2925.633047135818,0.0,0.0,31,31,21,11,10,10,11,10,10
36,0.9,1473.858149674378,3443.298373876684,3443.298373876684,0.0,0.0,32,32,21,11,11,10,11,11,10
36,1.0,1720.5330275493145,3966.5970462144755,3966.5970462144755,0.0,0.0,33,33,22,11,11,11,11,11,11
36,1.1,1967.7608507814975,4493.098779436307,4493.098779436307,0.0,0.0,34,34,22,11,12,11,11,12,11
36,1.2,2216.784601803081,5025.131489727879,5025.131489727879,0.0,0.0,35,35,23,12,12,11,12,12,11
36,1.3,2468.012425035264,5561.007592455055,5561.007592455056,-2.220446049250313e-16,-2.220446049250313e-14,36,36,23,12,13,11,12,13,11
36,1.4,2719.2402482674474,6097.244374957228,6097.244374957228,0.0,0.0,36,36,23,12,13,11,12,13,11
36,1.5,2970.4680714996307,6633.481157459401,6633.481157459401,0.0,0.0,36,36,23,12,13,11,12,13,11
37,0.1,0.0,9.181671955650259,9.181671955650259,0.0,0.0,1,1,0,0,1,0,0,1,0
37,0.2,14.45772967089691,165.93680931411413,97.62972422683845,0.4116451640212758,41.16451640212758,10,8,2,2,3,5,2,6,0
37,0.3,120.49416395082069,509.55162590713985,474.4156229119385,0.06895474611164232,6.895474611164232,19,19,11,7,6,6,7,8,4
37,0.4,304.2117073000146,924.0896407697891,891.2168542388656,0.03557315771177738,3.557315771177738,23,22,13,7,8,8,7,9,6
37,0.5,519.256329423483,1406.439201260982,1391.050258333274,0.010941776163456263,1.0941776163456263,28,27,17,10,9,9,10,10,7
37,0.6,751.5699019554727,1908.3698914063057,1896.3222974692285,0.006313028722224834,0.6313028722224834,29,29,18,10,10,9,10,11,8
37,0.7,988.8633652072666,2415.3609394382866,2401.077277523709,0.0059136759568112485,0.5913675956811248,30,30,19,11,10,9,11,11,8
37,0.8,1228.6303264421942,2925.633047135818,2925.633047135818,0.0,0.0,31,31,21,11,10,10,11,10,10
37,0.9,1473.858149674378,3443.298373876684,3443.298373876684,0.0,0.0,32,32,21,11,11,10,11,11,10
37,1.0,1720.5330275493145,3966.5970462144755,3966.5970462144755,0.0,0.0,33,33,22,11,11,11,11,11,11
37,1.1,1967.7608507814975,4493.098779436307,4493.098779436307,0.0,0.0,34,34,22,11,12,11,11,12,11
37,1.2,2216.784601803081,5025.131489727879,5025.131489727879,0.0,0.0,35,35,23,12,12,11,12,12,11
37,1.3,2468.012425035264,5561.007592455055,5561.007592455056,-2.220446049250313e-16,-2.220446049250313e-14,36,36,23,12,13,11,12,13,11
37,1.4,2719.2402482674474,6097.244374957228,6097.244374957228,0.0,0.0,36,36,23,12,13,11,12,13,11
37,1.5,2970.4680714996307,6633.481157459401,6633.481157459401,0.0,0.0,36,36,23,12,13,11,12,13,11
38,0.1,0.0,9.181671955650259,9.181671955650259,0.0,0.0,1,1,0,0,1,0,0,1,0
38,0.2,14.45772967089691,165.93680931411413,97.62972422683845,0.4116451640212758,41.16451640212758,10,8,2,2,3,5,2,6,0
38,0.3,120.49416395082069,509.55162590713985,474.4156229119385,0.06895474611164232,6.895474611164232,19,19,11,7,6,6,7,8,4
38,0.4,304.2117073000146,924.0896407697891,891.2168542388656,0.03557315771177738,3.557315771177738,23,22,13,7,8,8,7,9,6
38,0.5,519.256329423483,1406.439201260982,1391.050258333274,0.010941776163456263,1.0941776163456263,28,27,17,10,9,9,10,10,7
38,0.6,751.5699019554727,1908.3698914063057,1896.3222974692285,0.006313028722224834,0.6313028722224834,29,29,18,10,10,9,10,11,8
38,0.7,988.8633652072666,2415.3609394382866,2401.077277523709,0.0059136759568112485,0.5913675956811248,30,30,19,11,10,9,11,11,8
38,0.8,1228.6303264421942,2925.633047135818,2925.633047135818,0.0,0.0,31,31,21,11,10,10,11,10,10
38,0.9,1473.858149674378,3443.298373876684,3443.298373876684,0.0,0.0,32,32,21,11,11,10,11,11,10
38,1.0,1720.5330275493145,3966.5970462144755,3966.5970462144755,0.0,0.0,33,33,22,11,11,11,11,11,11
38,1.1,1967.7608507814975,4493.098779436307,4493.098779436307,0.0,0.0,34,34,22,11,12,11,11,12,11
38,1.2,2216.784601803081,5025.131489727879,5025.131489727879,0.0,0.0,35,35,23,12,12,11,12,12,11
38,1.3,2468.012425035264,5561.007592455055,5561.007592455056,-2.220446049250313e-16,-2.220446049250313e-14,36,36,23,12,13,11,12,13,11
38,1.4,2719.2402482674474,6097.244374957228,6097.244374957228,0.0,0.0,36,36,23,12,13,11,12,13,11
38,1.5,2970.4680714996307,6633.481157459401,6633.481157459401,0.0,0.0,36,36,23,12,13,11,12,13,11
39,0.1,0.0,9.181671955650259,9.181671955650259,0.0,0.0,1,1,0,0,1,0,0,1,0
39,0.2,14.45772967089691,165.93680931411413,97.62972422683845,0.4116451640212758,41.16451640212758,10,8,2,2,3,5,2,6,0
39,0.3,120.49416395082069,509.55162590713985,474.4156229119385,0.06895474611164232,6.895474611164232,19,19,11,7,6,6,7,8,4
39,0.4,304.2117073000146,924.0896407697891,891.2168542388656,0.03557315771177738,3.557315771177738,23,22,13,7,8,8,7,9,6
39,0.5,519.256329423483,1406.439201260982,1391.050258333274,0.010941776163456263,1.0941776163456263,28,27,17,10,9,9,10,10,7
39,0.6,751.5699019554727,1908.3698914063057,1896.3222974692285,0.006313028722224834,0.6313028722224834,29,29,18,10,10,9,10,11,8
39,0.7,988.8633652072666,2415.3609394382866,2401.077277523709,0.0059136759568112485,0.5913675956811248,30,30,19,11,10,9,11,11,8
39,0.8,1228.6303264421942,2925.633047135818,2925.633047135818,0.0,0.0,31,31,21,11,10,10,11,10,10
39,0.9,1473.858149674378,3443.298373876684,3443.298373876684,0.0,0.0,32,32,21,11,11,10,11,11,10
39,1.0,1720.5330275493145,3966.5970462144755,3966.5970462144755,0.0,0.0,33,33,22,11,11,11,11,11,11
39,1.1,1967.7608507814975,4493.098779436307,4493.098779436307,0.0,0.0,34,34,22,11,12,11,11,12,11
39,1.2,2216.784601803081,5025.131489727879,5025.131489727879,0.0,0.0,35,35,23,12,12,11,12,12,11
39,1.3,2468.012425035264,5561.007592455055,5561.007592455056,-2.220446049250313e-16,-2.220446049250313e-14,36,36,23,12,13,11,12,13,11
39,1.4,2719.2402482674474,6097.244374957228,6097.244374957228,0.0,0.0,36,36,23,12,13,11,12,13,11
39,1.5,2970.4680714996307,6633.481157459401,6633.481157459401,0.0,0.0,36,36,23,12,13,11,12,13,11
40,0.1,0.0,9.181671955650259,9.181671955650259,0.0,0.0,1,1,0,0,1,0,0,1,0
40,0.2,14.45772967089691,165.93680931411413,97.62972422683845,0.4116451640212758,41.16451640212758,10,8,2,2,3,5,2,6,0
40,0.3,120.49416395082069,509.55162590713985,474.4156229119385,0.06895474611164232,6.895474611164232,19,19,11,7,6,6,7,8,4
40,0.4,304.2117073000146,924.0896407697891,891.2168542388656,0.03557315771177738,3.557315771177738,23,22,13,7,8,8,7,9,6
40,0.5,519.256329423483,1406.439201260982,1391.050258333274,0.010941776163456263,1.0941776163456263,28,27,17,10,9,9,10,10,7
40,0.6,751.5699019554727,1908.3698914063057,1896.3222974692285,0.006313028722224834,0.6313028722224834,29,29,18,10,10,9,10,11,8
40,0.7,988.8633652072666,2415.3609394382866,2401.077277523709,0.0059136759568112485,0.5913675956811248,30,30,19,11,10,9,11,11,8
40,0.8,1228.6303264421942,2925.633047135818,2925.633047135818,0.0,0.0,31,31,21,11,10,10,11,10,10
40,0.9,1473.858149674378,3443.298373876684,3443.298373876684,0.0,0.0,32,32,21,11,11,10,11,11,10
40,1.0,1720.5330275493145,3966.5970462144755,3966.5970462144755,0.0,0.0,33,33,22,11,11,11,11,11,11
40,1.1,1967.7608507814975,4493.098779436307,4493.098779436307,0.0,0.0,34,34,22,11,12,11,11,12,11
40,1.2,2216.784601803081,5025.131489727879,5025.131489727879,0.0,0.0,35,35,23,12,12,11,12,12,11
40,1.3,2468.012425035264,5561.007592455055,5561.007592455056,-2.220446049250313e-16,-2.220446049250313e-14,36,36,23,12,13,11,12,13,11
40,1.4,2719.2402482674474,6097.244374957228,6097.244374957228,0.0,0.0,36,36,23,12,13,11,12,13,11
40,1.5,2970.4680714996307,6633.481157459401,6633.481157459401,0.0,0.0,36,36,23,12,13,11,12,13,11
41,0.1,0.0,9.181671955650259,9.181671955650259,0.0,0.0,1,1,0,0,1,0,0,1,0
41,0.2,14.45772967089691,165.93680931411413,97.62972422683845,0.4116451640212758,41.16451640212758,10,8,2,2,3,5,2,6,0
41,0.3,120.49416395082069,509.55162590713985,474.4156229119385,0.06895474611164232,6.895474611164232,19,19,11,7,6,6,7,8,4
41,0.4,304.2117073000146,924.0896407697891,891.2168542388656,0.03557315771177738,3.557315771177738,23,22,13,7,8,8,7,9,6
41,0.5,519.256329423483,1406.439201260982,1391.050258333274,0.010941776163456263,1.0941776163456263,28,27,17,10,9,9,10,10,7
41,0.6,751.5699019554727,1908.3698914063057,1896.3222974692285,0.006313028722224834,0.6313028722224834,29,29,18,10,10,9,10,11,8
41,0.7,988.8633652072666,2415.3609394382866,2401.077277523709,0.0059136759568112485,0.5913675956811248,30,30,19,11,10,9,11,11,8
41,0.8,1228.6303264421942,2925.633047135818,2925.633047135818,0.0,0.0,31,31,21,11,10,10,11,10,10
41,0.9,1473.858149674378,3443.298373876684,3443.298373876684,0.0,0.0,32,32,21,11,11,10,11,11,10
41,1.0,1720.5330275493145,3966.5970462144755,3966.5970462144755,0.0,0.0,33,33,22,11,11,11,11,11,11
41,1.1,1967.7608507814975,4493.098779436307,4493.098779436307,0.0,0.0,34,34,22,11,12,11,11,12,11
41,1.2,2216.784601803081,5025.131489727879,5025.131489727879,0.0,0.0,35,35,23,12,12,11,12,12,11
41,1.3,2468.012425035264,5561.007592455055,5561.007592455056,-2.220446049250313e-16,-2.220446049250313e-14,36,36,23,12,13,11,12,13,11
41,1.4,2719.2402482674474,6097.244374957228,6097.244374957228,0.0,0.0,36,36,23,12,13,11,12,13,11
41,1.5,2970.4680714996307,6633.481157459401,6633.481157459401,0.0,0.0,36,36,23,12,13,11,12,13,11
42,0.1,0.0,9.181671955650259,9.181671955650259,0.0,0.0,1,1,0,0,1,0,0,1,0
42,0.2,14.45772967089691,165.93680931411413,97.62972422683845,0.4116451640212758,41.16451640212758,10,8,2,2,3,5,2,6,0
42,0.3,120.49416395082069,509.55162590713985,474.4156229119385,0.06895474611164232,6.895474611164232,19,19,11,7,6,6,7,8,4
42,0.4,304.2117073000146,924.0896407697891,891.2168542388656,0.03557315771177738,3.557315771177738,23,22,13,7,8,8,7,9,6
42,0.5,519.256329423483,1406.439201260982,1391.050258333274,0.010941776163456263,1.0941776163456263,28,27,17,10,9,9,10,10,7
42,0.6,751.5699019554727,1908.3698914063057,1896.3222974692285,0.006313028722224834,0.6313028722224834,29,29,18,10,10,9,10,11,8
42,0.7,988.8633652072666,2415.3609394382866,2401.077277523709,0.0059136759568112485,0.5913675956811248,30,30,19,11,10,9,11,11,8
42,0.8,1228.6303264421942,2925.633047135818,2925.633047135818,0.0,0.0,31,31,21,11,10,10,11,10,10
42,0.9,1473.858149674378,3443.298373876684,3443.298373876684,0.0,0.0,32,32,21,11,11,10,11,11,10
42,1.0,1720.5330275493145,3966.5970462144755,3966.5970462144755,0.0,0.0,33,33,22,11,11,11,11,11,11
42,1.1,1967.7608507814975,4493.098779436307,4493.098779436307,0.0,0.0,34,34,22,11,12,11,11,12,11
42,1.2,2216.784601803081,5025.131489727879,5025.131489727879,0.0,0.0,35,35,23,12,12,11,12,12,11
42,1.3,2468.012425035264,5561.007592455055,5561.007592455056,-2.220446049250313e-16,-2.220446049250313e-14,36,36,23,12,13,11,12,13,11
42,1.4,2719.2402482674474,6097.244374957228,6097.244374957228,0.0,0.0,36,36,23,12,13,11,12,13,11
42,1.5,2970.4680714996307,6633.481157459401,6633.481157459401,0.0,0.0,36,36,23,12,13,11,12,13,11
43,0.1,0.0,9.181671955650259,9.181671955650259,0.0,0.0,1,1,0,0,1,0,0,1,0
43,0.2,14.45772967089691,165.93680931411413,97.62972422683845,0.4116451640212758,41.16451640212758,10,8,2,2,3,5,2,6,0
43,0.3,120.49416395082069,509.55162590713985,474.4156229119385,0.06895474611164232,6.895474611164232,19,19,11,7,6,6,7,8,4
43,0.4,304.2117073000146,924.0896407697891,891.2168542388656,0.03557315771177738,3.557315771177738,23,22,13,7,8,8,7,9,6
43,0.5,519.256329423483,1406.439201260982,1391.050258333274,0.010941776163456263,1.0941776163456263,28,27,17,10,9,9,10,10,7
43,0.6,751.5699019554727,1908.3698914063057,1896.3222974692285,0.006313028722224834,0.6313028722224834,29,29,18,10,10,9,10,11,8
43,0.7,988.8633652072666,2415.3609394382866,2401.077277523709,0.0059136759568112485,0.5913675956811248,30,30,19,11,10,9,11,11,8
43,0.8,1228.6303264421942,2925.633047135818,2925.633047135818,0.0,0.0,31,31,21,11,10,10,11,10,10
43,0.9,1473.858149674378,3443.298373876684,3443.298373876684,0.0,0.0,32,32,21,11,11,10,11,11,10
43,1.0,1720.5330275493145,3966.5970462144755,3966.5970462144755,0.0,0.0,33,33,22,11,11,11,11,11,11
43,1.1,1967.7608507814975,4493.098779436307,4493.098779436307,0.0,0.0,34,34,22,11,12,11,11,12,11
43,1.2,2216.784601803081,5025.131489727879,5025.131489727879,0.0,0.0,35,35,23,12,12,11,12,12,11
43,1.3,2468.012425035264,5561.007592455055,5561.007592455056,-2.220446049250313e-16,-2.220446049250313e-14,36,36,23,12,13,11,12,13,11
43,1.4,2719.2402482674474,6097.244374957228,6097.244374957228,0.0,0.0,36,36,23,12,13,11,12,13,11
43,1.5,2970.4680714996307,6633.481157459401,6633.481157459401,0.0,0.0,36,36,23,12,13,11,12,13,11
44,0.1,0.0,9.181671955650259,9.181671955650259,0.0,0.0,1,1,0,0,1,0,0,1,0
44,0.2,14.45772967089691,165.93680931411413,97.62972422683845,0.4116451640212758,41.16451640212758,10,8,2,2,3,5,2,6,0
44,0.3,120.49416395082069,509.55162590713985,474.4156229119385,0.06895474611164232,6.895474611164232,19,19,11,7,6,6,7,8,4
44,0.4,304.2117073000146,924.0896407697891,891.2168542388656,0.03557315771177738,3.557315771177738,23,22,13,7,8,8,7,9,6
44,0.5,519.256329423483,1406.439201260982,1391.050258333274,0.010941776163456263,1.0941776163456263,28,27,17,10,9,9,10,10,7
44,0.6,751.5699019554727,1908.3698914063057,1896.3222974692285,0.006313028722224834,0.6313028722224834,29,29,18,10,10,9,10,11,8
44,0.7,988.8633652072666,2415.3609394382866,2401.077277523709,0.0059136759568112485,0.5913675956811248,30,30,19,11,10,9,11,11,8
44,0.8,1228.6303264421942,2925.633047135818,2925.633047135818,0.0,0.0,31,31,21,11,10,10,11,10,10
44,0.9,1473.858149674378,3443.298373876684,3443.298373876684,0.0,0.0,32,32,21,11,11,10,11,11,10
44,1.0,1720.5330275493145,3966.5970462144755,3966.5970462144755,0.0,0.0,33,33,22,11,11,11,11,11,11
44,1.1,1967.7608507814975,4493.098779436307,4493.098779436307,0.0,0.0,34,34,22,11,12,11,11,12,11
44,1.2,2216.784601803081,5025.131489727879,5025.131489727879,0.0,0.0,35,35,23,12,12,11,12,12,11
44,1.3,2468.012425035264,5561.007592455055,5561.007592455056,-2.220446049250313e-16,-2.220446049250313e-14,36,36,23,12,13,11,12,13,11
44,1.4,2719.2402482674474,6097.244374957228,6097.244374957228,0.0,0.0,36,36,23,12,13,11,12,13,11
44,1.5,2970.4680714996307,6633.481157459401,6633.481157459401,0.0,0.0,36,36,23,12,13,11,12,13,11
45,0.1,0.0,9.181671955650259,9.181671955650259,0.0,0.0,1,1,0,0,1,0,0,1,0
45,0.2,14.45772967089691,165.93680931411413,97.62972422683845,0.4116451640212758,41.16451640212758,10,8,2,2,3,5,2,6,0
45,0.3,120.49416395082069,509.55162590713985,474.4156229119385,0.06895474611164232,6.895474611164232,19,19,11,7,6,6,7,8,4
45,0.4,304.2117073000146,924.0896407697891,891.2168542388656,0.03557315771177738,3.557315771177738,23,22,13,7,8,8,7,9,6
45,0.5,519.256329423483,1406.439201260982,1391.050258333274,0.010941776163456263,1.0941776163456263,28,27,17,10,9,9,10,10,7
45,0.6,751.5699019554727,1908.3698914063057,1896.3222974692285,0.006313028722224834,0.6313028722224834,29,29,18,10,10,9,10,11,8
45,0.7,988.8633652072666,2415.3609394382866,2401.077277523709,0.0059136759568112485,0.5913675956811248,30,30,19,11,10,9,11,11,8
45,0.8,1228.6303264421942,2925.633047135818,2925.633047135818,0.0,0.0,31,31,21,11,10,10,11,10,10
45,0.9,1473.858149674378,3443.298373876684,3443.298373876684,0.0,0.0,32,32,21,11,11,10,11,11,10
45,1.0,1720.5330275493145,3966.5970462144755,3966.5970462144755,0.0,0.0,33,33,22,11,11,11,11,11,11
45,1.1,1967.7608507814975,4493.098779436307,4493.098779436307,0.0,0.0,34,34,22,11,12,11,11,12,11
45,1.2,2216.784601803081,5025.131489727879,5025.131489727879,0.0,0.0,35,35,23,12,12,11,12,12,11
45,1.3,2468.012425035264,5561.007592455055,5561.007592455056,-2.220446049250313e-16,-2.220446049250313e-14,36,36,23,12,13,11,12,13,11
45,1.4,2719.2402482674474,6097.244374957228,6097.244374957228,0.0,0.0,36,36,23,12,13,11,12,13,11
45,1.5,2970.4680714996307,6633.481157459401,6633.481157459401,0.0,0.0,36,36,23,12,13,11,12,13,11
46,0.1,0.0,9.181671955650259,9.181671955650259,0.0,0.0,1,1,0,0,1,0,0,1,0
46,0.2,14.45772967089691,165.93680931411413,97.62972422683845,0.4116451640212758,41.16451640212758,10,8,2,2,3,5,2,6,0
46,0.3,120.49416395082069,509.55162590713985,474.4156229119385,0.06895474611164232,6.895474611164232,19,19,11,7,6,6,7,8,4
46,0.4,304.2117073000146,924.0896407697891,891.2168542388656,0.03557315771177738,3.557315771177738,23,22,13,7,8,8,7,9,6
46,0.5,519.256329423483,1406.439201260982,1391.050258333274,0.010941776163456263,1.0941776163456263,28,27,17,10,9,9,10,10,7
46,0.6,751.5699019554727,1908.3698914063057,1896.3222974692285,0.006313028722224834,0.6313028722224834,29,29,18,10,10,9,10,11,8
46,0.7,988.8633652072666,2415.3609394382866,2401.077277523709,0.0059136759568112485,0.5913675956811248,30,30,19,11,10,9,11,11,8
46,0.8,1228.6303264421942,2925.633047135818,2925.633047135818,0.0,0.0,31,31,21,11,10,10,11,10,10
46,0.9,1473.858149674378,3443.298373876684,3443.298373876684,0.0,0.0,32,32,21,11,11,10,11,11,10
46,1.0,1720.5330275493145,3966.5970462144755,3966.5970462144755,0.0,0.0,33,33,22,11,11,11,11,11,11
46,1.1,1967.7608507814975,4493.098779436307,4493.098779436307,0.0,0.0,34,34,22,11,12,11,11,12,11
46,1.2,2216.784601803081,5025.131489727879,5025.131489727879,0.0,0.0,35,35,23,12,12,11,12,12,11
46,1.3,2468.012425035264,5561.007592455055,5561.007592455056,-2.220446049250313e-16,-2.220446049250313e-14,36,36,23,12,13,11,12,13,11
46,1.4,2719.2402482674474,6097.244374957228,6097.244374957228,0.0,0.0,36,36,23,12,13,11,12,13,11
46,1.5,2970.4680714996307,6633.481157459401,6633.481157459401,0.0,0.0,36,36,23,12,13,11,12,13,11
47,0.1,0.0,9.181671955650259,9.181671955650259,0.0,0.0,1,1,0,0,1,0,0,1,0
47,0.2,14.45772967089691,165.93680931411413,97.62972422683845,0.4116451640212758,41.16451640212758,10,8,2,2,3,5,2,6,0
47,0.3,120.49416395082069,509.55162590713985,474.4156229119385,0.06895474611164232,6.895474611164232,19,19,11,7,6,6,7,8,4
47,0.4,304.2117073000146,924.0896407697891,891.2168542388656,0.03557315771177738,3.557315771177738,23,22,13,7,8,8,7,9,6
47,0.5,519.256329423483,1406.439201260982,1391.050258333274,0.010941776163456263,1.0941776163456263,28,27,17,10,9,9,10,10,7
47,0.6,751.5699019554727,1908.3698914063057,1896.3222974692285,0.006313028722224834,0.6313028722224834,29,29,18,10,10,9,10,11,8
47,0.7,988.8633652072666,2415.3609394382866,2401.077277523709,0.0059136759568112485,0.5913675956811248,30,30,19,11,10,9,11,11,8
47,0.8,1228.6303264421942,2925.633047135818,2925.633047135818,0.0,0.0,31,31,21,11,10,10,11,10,10
47,0.9,1473.858149674378,3443.298373876684,3443.298373876684,0.0,0.0,32,32,21,11,11,10,11,11,10
47,1.0,1720.5330275493145,3966.5970462144755,3966.5970462144755,0.0,0.0,33,33,22,11,11,11,11,11,11
47,1.1,1967.7608507814975,4493.098779436307,4493.098779436307,0.0,0.0,34,34,22,11,12,11,11,12,11
47,1.2,2216.784601803081,5025.131489727879,5025.131489727879,0.0,0.0,35,35,23,12,12,11,12,12,11
47,1.3,2468.012425035264,5561.007592455055,5561.007592455056,-2.220446049250313e-16,-2.220446049250313e-14,36,36,23,12,13,11,12,13,11
47,1.4,2719.2402482674474,6097.244374957228,6097.244374957228,0.0,0.0,36,36,23,12,13,11,12,13,11
47,1.5,2970.4680714996307,6633.481157459401,6633.481157459401,0.0,0.0,36,36,23,12,13,11,12,13,11
48,0.1,0.0,9.181671955650259,9.181671955650259,0.0,0.0,1,1,0,0,1,0,0,1,0
48,0.2,14.45772967089691,165.93680931411413,97.62972422683845,0.4116451640212758,41.16451640212758,10,8,2,2,3,5,2,6,0
48,0.3,120.49416395082069,509.55162590713985,474.4156229119385,0.06895474611164232,6.895474611164232,19,19,11,7,6,6,7,8,4
48,0.4,304.2117073000146,924.0896407697891,891.2168542388656,0.03557315771177738,3.557315771177738,23,22,13,7,8,8,7,9,6
48,0.5,519.256329423483,1406.439201260982,1391.050258333274,0.010941776163456263,1.0941776163456263,28,27,17,10,9,9,10,10,7
48,0.6,751.5699019554727,1908.3698914063057,1896.3222974692285,0.006313028722224834,0.6313028722224834,29,29,18,10,10,9,10,11,8
48,0.7,988.8633652072666,2415.3609394382866,2401.077277523709,0.0059136759568112485,0.5913675956811248,30,30,19,11,10,9,11,11,8
48,0.8,1228.6303264421942,2925.633047135818,2925.633047135818,0.0,0.0,31,31,21,11,10,10,11,10,10
48,0.9,1473.858149674378,3443.298373876684,3443.298373876684,0.0,0.0,32,32,21,11,11,10,11,11,10
48,1.0,1720.5330275493145,3966.5970462144755,3966.5970462144755,0.0,0.0,33,33,22,11,11,11,11,11,11
48,1.1,1967.7608507814975,4493.098779436307,4493.098779436307,0.0,0.0,34,34,22,11,12,11,11,12,11
48,1.2,2216.784601803081,5025.131489727879,5025.131489727879,0.0,0.0,35,35,23,12,12,11,12,12,11
48,1.3,2468.012425035264,5561.007592455055,5561.007592455056,-2.220446049250313e-16,-2.220446049250313e-14,36,36,23,12,13,11,12,13,11
48,1.4,2719.2402482674474,6097.244374957228,6097.244374957228,0.0,0.0,36,36,23,12,13,11,12,13,11
48,1.5,2970.4680714996307,6633.481157459401,6633.481157459401,0.0,0.0,36,36,23,12,13,11,12,13,11
49,0.1,0.0,9.181671955650259,9.181671955650259,0.0,0.0,1,1,0,0,1,0,0,1,0
49,0.2,14.45772967089691,165.93680931411413,97.62972422683845,0.4116451640212758,41.16451640212758,10,8,2,2,3,5,2,6,0
49,0.3,120.49416395082069,509.55162590713985,474.4156229119385,0.06895474611164232,6.895474611164232,19,19,11,7,6,6,7,8,4
49,0.4,304.2117073000146,924.0896407697891,891.2168542388656,0.03557315771177738,3.557315771177738,23,22,13,7,8,8,7,9,6
49,0.5,519.256329423483,1406.439201260982,1391.050258333274,0.010941776163456263,1.0941776163456263,28,27,17,10,9,9,10,10,7
49,0.6,751.5699019554727,1908.3698914063057,1896.3222974692285,0.006313028722224834,0.6313028722224834,29,29,18,10,10,9,10,11,8
49,0.7,988.8633652072666,2415.3609394382866,2401.077277523709,0.0059136759568112485,0.5913675956811248,30,30,19,11,10,9,11,11,8
49,0.8,1228.6303264421942,2925.633047135818,2925.633047135818,0.0,0.0,31,31,21,11,10,10,11,10,10
49,0.9,1473.858149674378,3443.298373876684,3443.298373876684,0.0,0.0,32,32,21,11,11,10,11,11,10
49,1.0,1720.5330275493145,3966.5970462144755,3966.5970462144755,0.0,0.0,33,33,22,11,11,11,11,11,11
49,1.1,1967.7608507814975,4493.098779436307,4493.098779436307,0.0,0.0,34,34,22,11,12,11,11,12,11
49,1.2,2216.784601803081,5025.131489727879,5025.131489727879,0.0,0.0,35,35,23,12,12,11,12,12,11
49,1.3,2468.012425035264,5561.007592455055,5561.007592455056,-2.220446049250313e-16,-2.220446049250313e-14,36,36,23,12,13,11,12,13,11
49,1.4,2719.2402482674474,6097.244374957228,6097.244374957228,0.0,0.0,36,36,23,12,13,11,12,13,11
49,1.5,2970.4680714996307,6633.481157459401,6633.481157459401,0.0,0.0,36,36,23,12,13,11,12,13,11
50,0.1,0.0,9.181671955650259,9.181671955650259,0.0,0.0,1,1,0,0,1,0,0,1,0
50,0.2,14.45772967089691,165.93680931411413,97.62972422683845,0.4116451640212758,41.16451640212758,10,8,2,2,3,5,2,6,0
50,0.3,120.49416395082069,509.55162590713985,474.4156229119385,0.06895474611164232,6.895474611164232,19,19,11,7,6,6,7,8,4
50,0.4,304.2117073000146,924.0896407697891,891.2168542388656,0.03557315771177738,3.557315771177738,23,22,13,7,8,8,7,9,6
50,0.5,519.256329423483,1406.439201260982,1391.050258333274,0.010941776163456263,1.0941776163456263,28,27,17,10,9,9,10,10,7
50,0.6,751.5699019554727,1908.3698914063057,1896.3222974692285,0.006313028722224834,0.6313028722224834,29,29,18,10,10,9,10,11,8
50,0.7,988.8633652072666,2415.3609394382866,2401.077277523709,0.0059136759568112485,0.5913675956811248,30,30,19,11,10,9,11,11,8
50,0.8,1228.6303264421942,2925.633047135818,2925.633047135818,0.0,0.0,31,31,21,11,10,10,11,10,10
50,0.9,1473.858149674378,3443.298373876684,3443.298373876684,0.0,0.0,32,32,21,11,11,10,11,11,10
50,1.0,1720.5330275493145,3966.5970462144755,3966.5970462144755,0.0,0.0,33,33,22,11,11,11,11,11,11
50,1.1,1967.7608507814975,4493.098779436307,4493.098779436307,0.0,0.0,34,34,22,11,12,11,11,12,11
50,1.2,2216.784601803081,5025.131489727879,5025.131489727879,0.0,0.0,35,35,23,12,12,11,12,12,11
50,1.3,2468.012425035264,5561.007592455055,5561.007592455056,-2.220446049250313e-16,-2.220446049250313e-14,36,36,23,12,13,11,12,13,11
50,1.4,2719.2402482674474,6097.244374957228,6097.244374957228,0.0,0.0,36,36,23,12,13,11,12,13,11
50,1.5,2970.4680714996307,6633.481157459401,6633.481157459401,0.0,0.0,36,36,23,12,13,11,12,13,11
51,0.1,0.0,9.181671955650259,9.181671955650259,0.0,0.0,1,1,0,0,1,0,0,1,0
51,0.2,14.45772967089691,165.93680931411413,97.62972422683845,0.4116451640212758,41.16451640212758,10,8,2,2,3,5,2,6,0
51,0.3,120.49416395082069,509.55162590713985,474.4156229119385,0.06895474611164232,6.895474611164232,19,19,11,7,6,6,7,8,4
51,0.4,304.2117073000146,924.0896407697891,891.2168542388656,0.03557315771177738,3.557315771177738,23,22,13,7,8,8,7,9,6
51,0.5,519.256329423483,1406.439201260982,1391.050258333274,0.010941776163456263,1.0941776163456263,28,27,17,10,9,9,10,10,7
51,0.6,751.5699019554727,1908.3698914063057,1896.3222974692285,0.006313028722224834,0.6313028722224834,29,29,18,10,10,9,10,11,8
51,0.7,988.8633652072666,2415.3609394382866,2401.077277523709,0.0059136759568112485,0.5913675956811248,30,30,19,11,10,9,11,11,8
51,0.8,1228.6303264421942,2925.633047135818,2925.633047135818,0.0,0.0,31,31,21,11,10,10,11,10,10
51,0.9,1473.858149674378,3443.298373876684,3443.298373876684,0.0,0.0,32,32,21,11,11,10,11,11,10
51,1.0,1720.5330275493145,3966.5970462144755,3966.5970462144755,0.0,0.0,33,33,22,11,11,11,11,11,11
51,1.1,1967.7608507814975,4493.098779436307,4493.098779436307,0.0,0.0,34,34,22,11,12,11,11,12,11
51,1.2,2216.784601803081,5025.131489727879,5025.131489727879,0.0,0.0,35,35,23,12,12,11,12,12,11
51,1.3,2468.012425035264,5561.007592455055,5561.007592455056,-2.220446049250313e-16,-2.220446049250313e-14,36,36,23,12,13,11,12,13,11
51,1.4,2719.2402482674474,6097.244374957228,6097.244374957228,0.0,0.0,36,36,23,12,13,11,12,13,11
51,1.5,2970.4680714996307,6633.481157459401,6633.481157459401,0.0,0.0,36,36,23,12,13,11,12,13,11
52,0.1,0.0,9.181671955650259,9.181671955650259,0.0,0.0,1,1,0,0,1,0,0,1,0
52,0.2,14.45772967089691,165.93680931411413,97.62972422683845,0.4116451640212758,41.16451640212758,10,8,2,2,3,5,2,6,0
52,0.3,120.49416395082069,509.55162590713985,474.4156229119385,0.06895474611164232,6.895474611164232,19,19,11,7,6,6,7,8,4
52,0.4,304.2117073000146,924.0896407697891,891.2168542388656,0.03557315771177738,3.557315771177738,23,22,13,7,8,8,7,9,6
52,0.5,519.256329423483,1406.439201260982,1391.050258333274,0.010941776163456263,1.0941776163456263,28,27,17,10,9,9,10,10,7
52,0.6,751.5699019554727,1908.3698914063057,1896.3222974692285,0.006313028722224834,0.6313028722224834,29,29,18,10,10,9,10,11,8
52,0.7,988.8633652072666,2415.3609394382866,2401.077277523709,0.0059136759568112485,0.5913675956811248,30,30,19,11,10,9,11,11,8
52,0.8,1228.6303264421942,2925.633047135818,2925.633047135818,0.0,0.0,31,31,21,11,10,10,11,10,10
52,0.9,1473.858149674378,3443.298373876684,3443.298373876684,0.0,0.0,32,32,21,11,11,10,11,11,10
52,1.0,1720.5330275493145,3966.5970462144755,3966.5970462144755,0.0,0.0,33,33,22,11,11,11,11,11,11
52,1.1,1967.7608507814975,4493.098779436307,4493.098779436307,0.0,0.0,34,34,22,11,12,11,11,12,11
52,1.2,2216.784601803081,5025.131489727879,5025.131489727879,0.0,0.0,35,35,23,12,12,11,12,12,11
52,1.3,2468.012425035264,5561.007592455055,5561.007592455056,-2.220446049250313e-16,-2.220446049250313e-14,36,36,23,12,13,11,12,13,11
52,1.4,2719.2402482674474,6097.244374957228,6097.244374957228,0.0,0.0,36,36,23,12,13,11,12,13,11
52,1.5,2970.4680714996307,6633.481157459401,6633.481157459401,0.0,0.0,36,36,23,12,13,11,12,13,11
53,0.1,0.0,9.181671955650259,9.181671955650259,0.0,0.0,1,1,0,0,1,0,0,1,0
53,0.2,14.45772967089691,165.93680931411413,97.62972422683845,0.4116451640212758,41.16451640212758,10,8,2,2,3,5,2,6,0
53,0.3,120.49416395082069,509.55162590713985,474.4156229119385,0.06895474611164232,6.895474611164232,19,19,11,7,6,6,7,8,4
53,0.4,304.2117073000146,924.0896407697891,891.2168542388656,0.03557315771177738,3.557315771177738,23,22,13,7,8,8,7,9,6
53,0.5,519.256329423483,1406.439201260982,1391.050258333274,0.010941776163456263,1.0941776163456263,28,27,17,10,9,9,10,10,7
53,0.6,751.5699019554727,1908.3698914063057,1896.3222974692285,0.006313028722224834,0.6313028722224834,29,29,18,10,10,9,10,11,8
53,0.7,988.8633652072666,2415.3609394382866,2401.077277523709,0.0059136759568112485,0.5913675956811248,30,30,19,11,10,9,11,11,8
53,0.8,1228.6303264421942,2925.633047135818,2925.633047135818,0.0,0.0,31,31,21,11,10,10,11,10,10
53,0.9,1473.858149674378,3443.298373876684,3443.298373876684,0.0,0.0,32,32,21,11,11,10,11,11,10
53,1.0,1720.5330275493145,3966.5970462144755,3966.5970462144755,0.0,0.0,33,33,22,11,11,11,11,11,11
53,1.1,1967.7608507814975,4493.098779436307,4493.098779436307,0.0,0.0,34,34,22,11,12,11,11,12,11
53,1.2,2216.784601803081,5025.131489727879,5025.131489727879,0.0,0.0,35,35,23,12,12,11,12,12,11
53,1.3,2468.012425035264,5561.007592455055,5561.007592455056,-2.220446049250313e-16,-2.220446049250313e-14,36,36,23,12,13,11,12,13,11
53,1.4,2719.2402482674474,6097.244374957228,6097.244374957228,0.0,0.0,36,36,23,12,13,11,12,13,11
53,1.5,2970.4680714996307,6633.481157459401,6633.481157459401,0.0,0.0,36,36,23,12,13,11,12,13,11
