alpha,m,W_joint,W_sep,G_total,Psi_S,Psi_S_pct,G_infinity,Psi_infinity,Psi_infinity_pct,I_fleet,residual_share_of_gap
0.2,5,139.01395151148915,81.43435995259009,57.57959155889907,0.41420009238526145,41.42000923852615,68.30708508727568,0.4116451640212758,41.16451640212758,-10.727493528376613,1.1863072181990608
0.2,10,165.93680931411413,97.62972422683845,68.30708508727568,0.4116451640212758,41.16451640212758,68.30708508727568,0.4116451640212758,41.16451640212758,0.0,1.0
0.2,15,165.93680931411413,97.62972422683845,68.30708508727568,0.4116451640212758,41.16451640212758,68.30708508727568,0.4116451640212758,41.16451640212758,0.0,1.0
0.2,18,165.93680931411413,97.62972422683845,68.30708508727568,0.4116451640212758,41.16451640212758,68.30708508727568,0.4116451640212758,41.16451640212758,0.0,1.0
0.2,20,165.93680931411413,97.62972422683845,68.30708508727568,0.4116451640212758,41.16451640212758,68.30708508727568,0.4116451640212758,41.16451640212758,0.0,1.0
0.2,25,165.93680931411413,97.62972422683845,68.30708508727568,0.4116451640212758,41.16451640212758,68.30708508727568,0.4116451640212758,41.16451640212758,0.0,1.0
0.2,30,165.93680931411413,97.62972422683845,68.30708508727568,0.4116451640212758,41.16451640212758,68.30708508727568,0.4116451640212758,41.16451640212758,0.0,1.0
0.2,40,165.93680931411413,97.62972422683845,68.30708508727568,0.4116451640212758,41.16451640212758,68.30708508727568,0.4116451640212758,41.16451640212758,0.0,1.0
0.2,53,165.93680931411413,97.62972422683845,68.30708508727568,0.4116451640212758,41.16451640212758,68.30708508727568,0.4116451640212758,41.16451640212758,0.0,1.0
0.3,5,330.46921973773317,173.09126232865782,157.37795740907535,0.4762257663027545,47.62257663027545,35.13600299520135,0.06895474611164232,6.895474611164232,122.241954413874,0.22325873059765103
0.3,10,460.20573185000046,256.1650306681646,204.04070118183586,0.4433684481972965,44.33684481972965,35.13600299520135,0.06895474611164232,6.895474611164232,168.9046981866345,0.17220095202421914
0.3,15,503.2605299206071,451.8028988413542,51.457631079252906,0.1022484936129816,10.22484936129816,35.13600299520135,0.06895474611164232,6.895474611164232,16.321628084051554,0.6828142349010653
0.3,18,509.09875736928655,473.7388236564044,35.35993371288214,0.06945594189936899,6.945594189936899,35.13600299520135,0.06895474611164232,6.895474611164232,0.22393071768078698,0.993667105840778
0.3,20,509.55162590713985,474.4156229119385,35.13600299520135,0.06895474611164232,6.895474611164232,35.13600299520135,0.06895474611164232,6.895474611164232,0.0,1.0
0.3,25,509.55162590713985,474.4156229119385,35.13600299520135,0.06895474611164232,6.895474611164232,35.13600299520135,0.06895474611164232,6.895474611164232,0.0,1.0
0.3,30,509.55162590713985,474.4156229119385,35.13600299520135,0.06895474611164232,6.895474611164232,35.13600299520135,0.06895474611164232,6.895474611164232,0.0,1.0
0.3,40,509.55162590713985,474.4156229119385,35.13600299520135,0.06895474611164232,6.895474611164232,35.13600299520135,0.06895474611164232,6.895474611164232,0.0,1.0
0.3,53,509.55162590713985,474.4156229119385,35.13600299520135,0.06895474611164232,6.895474611164232,35.13600299520135,0.06895474611164232,6.895474611164232,0.0,1.0
0.6,5,912.6985987047133,645.0926079018542,267.6059908028591,0.2932030258210554,29.32030258210554,12.047593937077181,0.006313028722224834,0.6313028722224834,255.5583968657819,0.04501989623226501
0.6,10,1383.693905397025,1043.101012532257,340.5928928647679,0.2461475703089414,24.61475703089414,12.047593937077181,0.006313028722224834,0.6313028722224834,328.54529892769074,0.0353724173036713
0.6,15,1653.6900752972297,1168.9721104942248,484.71796480300486,0.29311294301375246,29.311294301375245,12.047593937077181,0.006313028722224834,0.6313028722224834,472.6703708659277,0.024854853361941032
0.6,18,1746.7460239040474,1495.7850900460203,250.96093385802715,0.14367339637454524,14.367339637454524,12.047593937077181,0.006313028722224834,0.6313028722224834,238.91333992094997,0.04800585394654576
0.6,20,1788.8997991446054,1755.2144501443224,33.68534900028294,0.018830204473380907,1.8830204473380907,12.047593937077181,0.006313028722224834,0.6313028722224834,21.63775506320576,0.3576508569638387
0.6,25,1873.9287421156582,1865.8324769473418,8.09626516831645,0.004320476540199625,0.4320476540199625,12.047593937077181,0.006313028722224834,0.6313028722224834,-3.9513287687607317,1.4880433986060237
0.6,30,1908.3698914063057,1896.3222974692285,12.047593937077181,0.006313028722224834,0.6313028722224834,12.047593937077181,0.006313028722224834,0.6313028722224834,0.0,1.0
0.6,40,1908.3698914063057,1896.3222974692285,12.047593937077181,0.006313028722224834,0.6313028722224834,12.047593937077181,0.006313028722224834,0.6313028722224834,0.0,1.0
0.6,53,1908.3698914063057,1896.3222974692285,12.047593937077181,0.006313028722224834,0.6313028722224834,12.047593937077181,0.006313028722224834,0.6313028722224834,0.0,1.0
1.0,5,1689.0044373273538,1316.291807989962,372.7126293373917,0.22067001193150482,22.06700119315048,0.0,0.0,0.0,372.7126293373917,0.0
1.0,10,2711.2200959195425,2178.162981716138,533.0571142034046,0.19661152372161506,19.661152372161506,0.0,0.0,0.0,533.0571142034046,0.0
1.0,15,3303.037580330624,2514.2777590431933,788.7598212874309,0.23879831885184866,23.879831885184867,0.0,0.0,0.0,788.7598212874309,0.0
1.0,18,3524.418353188479,3133.7186904644504,390.6996627240287,0.11085507552489327,11.085507552489327,0.0,0.0,0.0,390.6996627240287,0.0
1.0,20,3643.8836811173305,3174.0595321627748,469.82414895455577,0.1289350017919597,12.893500179195971,0.0,0.0,0.0,469.82414895455577,0.0
1.0,25,3849.559077037656,3767.992726009399,81.56635102825703,0.021188491823594724,2.1188491823594724,0.0,0.0,0.0,81.56635102825703,0.0
1.0,30,3951.543581506839,3934.871041138882,16.672540367957026,0.004219247497606826,0.4219247497606826,0.0,0.0,0.0,16.672540367957026,0.0
1.0,40,3966.5970462144755,3966.5970462144755,0.0,0.0,0.0,0.0,0.0,0.0,0.0,0.0
1.0,53,3966.5970462144755,3966.5970462144755,0.0,0.0,0.0,0.0,0.0,0.0,0.0,0.0
