pickup,delivery,q,pickup_ready,pickup_due,delivery_ready,delivery_due,pickup_service,delivery_service,rho_max,delta,dynamic,release_time,reaction_margin
3,75,10.0,65.0,146.0,997.0,1068.0,90.0,90.0,129.8754845034029,40.5,0,0.0,129.8754845034029
5,7,10.0,15.0,67.0,170.0,225.0,90.0,90.0,51.86725404957844,26.0,0,0.0,51.86725404957844
6,2,20.0,621.0,702.0,825.0,870.0,90.0,90.0,683.0,40.5,1,586.194025907181,96.80597409281904
8,10,20.0,255.0,324.0,357.0,410.0,90.0,90.0,305.8892297237252,34.5,0,0.0,305.8892297237252
9,4,10.0,534.0,605.0,727.0,782.0,90.0,90.0,584.9002487577582,35.5,1,111.63382836623249,473.2664203915257
11,1,10.0,448.0,505.0,912.0,967.0,90.0,90.0,485.3531172956115,28.5,0,0.0,485.3531172956115
13,17,30.0,30.0,92.0,99.0,148.0,90.0,90.0,61.19415639850128,31.0,0,0.0,61.19415639850128
16,14,40.0,475.0,528.0,567.0,620.0,90.0,90.0,487.6887112585073,26.5,1,11.876607043344562,475.8121042151627
18,12,20.0,179.0,254.0,652.0,721.0,90.0,90.0,218.64466094067262,37.5,1,41.844664522157025,176.7999964185156
19,15,10.0,278.0,345.0,384.0,429.0,90.0,90.0,305.94875162046674,33.5,1,149.65358271117844,156.2951689092883
20,24,10.0,10.0,73.0,65.0,144.0,90.0,90.0,63.0,31.5,0,0.0,63.0
23,103,10.0,732.0,777.0,732.0,777.0,0.0,90.0,764.0,22.5,1,554.9852587620883,209.01474123791172
25,27,40.0,169.0,224.0,261.0,316.0,90.0,90.0,208.86725404957843,27.5,1,87.03393160202431,121.83332244755412
28,22,20.0,546.0,593.0,812.0,883.0,90.0,90.0,575.2799548533307,23.5,1,102.13950533665566,473.140449516675
29,26,10.0,358.0,405.0,622.0,701.0,90.0,90.0,385.0,23.5,0,0.0,385.0
30,21,10.0,449.0,504.0,914.0,965.0,90.0,90.0,483.38447187191167,27.5,1,176.98469631846385,306.39977555344785
32,31,30.0,31.0,100.0,200.0,237.0,90.0,90.0,68.3772233983162,34.5,0,0.0,68.3772233983162
33,37,40.0,87.0,158.0,383.0,434.0,90.0,90.0,124.47389077151958,35.5,1,61.890763590845005,62.58312718067457
35,39,10.0,283.0,344.0,567.0,624.0,90.0,90.0,305.92113447068044,30.5,0,0.0,305.92113447068044
36,105,10.0,665.0,716.0,665.0,716.0,0.0,90.0,680.6446609406726,25.5,0,0.0,680.6446609406726
38,34,30.0,479.0,522.0,751.0,816.0,90.0,90.0,480.7689437438234,21.5,1,335.15900222848,145.6099415153434
42,40,20.0,68.0,149.0,264.0,321.0,90.0,90.0,129.68679208417203,40.5,1,40.09201712411133,89.5947749600607
43,41,10.0,16.0,80.0,166.0,235.0,90.0,90.0,63.44705464275315,32.0,0,0.0,63.44705464275315
44,46,10.0,359.0,412.0,448.0,509.0,90.0,90.0,390.459340771462,26.5,1,215.39084828814978,175.0684924833122
45,48,10.0,541.0,600.0,632.0,693.0,90.0,90.0,577.639320225002,29.5,1,267.35579183596286,310.2835283890392
49,47,10.0,1001.0,1066.0,1054.0,1127.0,90.0,90.0,1046.7906272877015,32.5,1,109.23405640196086,937.5565708857406
50,52,10.0,815.0,880.0,912.0,969.0,90.0,90.0,857.1964914980173,32.5,1,558.3103084030547,298.8861830949626
51,101,10.0,725.0,786.0,725.0,786.0,0.0,90.0,761.0,30.5,0,0.0,761.0
53,58,20.0,286.0,347.0,471.0,534.0,90.0,90.0,301.8225720076939,30.5,0,0.0,301.8225720076939
54,60,40.0,186.0,257.0,562.0,629.0,90.0,90.0,216.95003121099842,35.5,1,89.61945137823712,127.3305798327613
56,59,30.0,385.0,436.0,651.0,740.0,90.0,90.0,391.0,25.5,0,0.0,391.0
57,55,40.0,35.0,87.0,95.0,158.0,90.0,90.0,52.0,26.0,0,0.0,52.0
62,68,20.0,262.0,317.0,734.0,777.0,90.0,90.0,298.97224362268,27.5,1,271.2412661765133,27.73097744616672
63,74,50.0,171.0,218.0,353.0,412.0,90.0,90.0,203.85786437626905,23.5,1,76.35240230671094,127.5054620695581
64,102,10.0,632.0,693.0,632.0,693.0,0.0,90.0,671.4593407714619,30.5,0,0.0,671.4593407714619
65,72,10.0,76.0,129.0,450.0,505.0,90.0,90.0,116.1937515251343,26.5,0,0.0,116.1937515251343
66,69,10.0,826.0,875.0,916.0,969.0,90.0,90.0,858.4470546427532,24.5,0,0.0,858.4470546427532
67,61,10.0,12.0,77.0,531.0,610.0,90.0,90.0,64.7934443842663,32.5,1,5.73396548147143,59.059478902794865
71,77,20.0,293.0,360.0,574.0,643.0,90.0,90.0,302.9912287450431,33.5,1,196.44125344456222,106.54997530048087
76,73,10.0,203.0,260.0,478.0,551.0,90.0,90.0,207.79846745544725,28.5,1,51.077484987330536,156.72098246811672
78,104,20.0,109.0,170.0,109.0,170.0,0.0,90.0,119.71083615727937,30.5,1,43.301022471763794,76.40981368551559
79,80,10.0,668.0,731.0,769.0,820.0,90.0,90.0,679.9216288435115,31.5,1,10.549373140659467,669.372255702852
81,70,30.0,47.0,124.0,387.0,456.0,90.0,90.0,76.56583509747432,38.5,0,0.0,76.56583509747432
82,85,20.0,369.0,420.0,555.0,612.0,90.0,90.0,384.6446609406726,25.5,0,0.0,384.6446609406726
84,89,20.0,458.0,523.0,737.0,802.0,90.0,90.0,491.95165060747996,32.5,0,0.0,491.95165060747996
86,91,10.0,173.0,238.0,836.0,889.0,90.0,90.0,211.52359541025254,32.5,1,160.37600988461787,51.14758552563467
87,83,20.0,85.0,144.0,265.0,338.0,90.0,90.0,118.50490243203608,29.5,0,0.0,118.50490243203608
90,88,10.0,20.0,84.0,645.0,708.0,90.0,90.0,63.3844718719117,32.0,1,17.734234976787302,45.650236895124394
92,93,20.0,368.0,441.0,475.0,518.0,90.0,90.0,396.79592778939934,36.5,0,0.0,396.79592778939934
96,94,10.0,95.0,156.0,285.0,336.0,90.0,90.0,119.94448724536011,30.5,0,0.0,119.94448724536011
97,106,30.0,561.0,622.0,561.0,622.0,0.0,90.0,581.6887112585073,30.5,0,0.0,581.6887112585073
98,95,20.0,30.0,84.0,196.0,239.0,90.0,90.0,53.19415639850128,27.0,0,0.0,53.19415639850128
100,99,20.0,647.0,726.0,743.0,820.0,90.0,90.0,687.9211344706805,39.5,0,0.0,687.9211344706805
