j,k,finish_j,finish_k
5,6,260.0,915.0
5,9,260.0,817.0
5,16,260.0,657.0
5,19,260.0,474.0
5,23,260.0,822.0
5,28,260.0,902.0
5,30,260.0,1004.0
5,38,260.0,841.0
5,44,260.0,541.8284271247462
5,45,260.0,723.0
5,49,260.0,1183.0
5,50,260.0,1002.0
5,62,260.0,824.0
5,71,260.0,664.0
5,79,260.0,859.0
8,6,447.0,915.0
8,9,447.0,817.0
8,16,447.0,657.0
8,23,447.0,822.0
8,28,447.0,902.0
8,30,447.0,1004.0
8,38,447.0,841.0
8,45,447.0,723.0
8,49,447.0,1183.0
8,50,447.0,1002.0
8,79,447.0,859.0
13,6,214.80584360149874,915.0
13,9,214.80584360149874,817.0
13,16,214.80584360149874,657.0
13,18,214.80584360149874,742.0
13,19,214.80584360149874,474.0
13,23,214.80584360149874,822.0
13,28,214.80584360149874,902.0
13,30,214.80584360149874,1004.0
13,38,214.80584360149874,841.0
13,44,214.80584360149874,541.8284271247462
13,45,214.80584360149874,723.0
13,49,214.80584360149874,1183.0
13,50,214.80584360149874,1002.0
13,62,214.80584360149874,824.0
13,71,214.80584360149874,664.0
13,79,214.80584360149874,859.0
20,6,195.0,915.0
20,9,195.0,817.0
20,16,195.0,657.0
20,18,195.0,742.0
20,19,195.0,474.0
20,23,195.0,822.0
20,25,195.0,379.0
20,28,195.0,902.0
20,30,195.0,1004.0
20,38,195.0,841.0
20,44,195.0,541.8284271247462
20,45,195.0,723.0
20,49,195.0,1183.0
20,50,195.0,1002.0
20,54,195.0,652.0
20,62,195.0,824.0
20,71,195.0,664.0
20,79,195.0,859.0
20,86,195.0,926.0
29,23,712.0,822.0
29,49,712.0,1183.0
29,50,712.0,1002.0
32,6,290.0,915.0
32,9,290.0,817.0
32,16,290.0,657.0
32,23,290.0,822.0
32,28,290.0,902.0
32,30,290.0,1004.0
32,38,290.0,841.0
32,44,290.0,541.8284271247462
32,45,290.0,723.0
32,49,290.0,1183.0
32,50,290.0,1002.0
32,79,290.0,859.0
35,23,657.0,822.0
35,49,657.0,1183.0
35,50,657.0,1002.0
36,49,755.0,1183.0
36,50,755.0,1002.0
43,6,256.0,915.0
43,9,256.0,817.0
43,16,256.0,657.0
43,19,256.0,493.0
43,23,256.0,822.0
43,28,256.0,902.0
43,30,256.0,1004.0
43,38,256.0,841.0
43,44,256.0,541.8284271247462
43,45,256.0,723.0
43,49,256.0,1183.0
43,50,256.0,1002.0
43,62,256.0,824.0
43,71,256.0,664.0
43,79,256.0,859.0
51,49,815.0,1183.0
51,50,815.0,1002.0
53,6,561.0,915.0
53,23,561.0,822.0
53,45,561.0,769.2488094968134
53,49,561.0,1183.0
53,50,561.0,1002.0
53,79,561.0,859.0
56,49,741.0,1183.0
56,50,741.0,1002.0
57,6,217.0,915.0
57,9,217.0,817.0
57,16,217.0,657.0
57,19,217.0,474.0
57,23,217.0,822.0
57,28,217.0,902.0
57,30,217.0,1004.0
57,38,217.0,841.0
57,44,217.0,541.8284271247462
57,45,217.0,723.0
57,49,217.0,1183.0
57,50,217.0,1002.0
57,54,217.0,652.0
57,62,217.0,824.0
57,71,217.0,664.0
57,79,217.0,859.0
64,23,722.0,844.0156211871642
64,49,722.0,1183.0
64,50,722.0,1002.0
65,6,540.0,915.0
65,9,540.0,817.0
65,23,540.0,822.0
65,28,540.0,902.0
65,45,540.0,745.0
65,49,540.0,1183.0
65,50,540.0,1002.0
65,79,540.0,859.0
66,49,1008.0,1207.0
81,6,477.0,915.0
81,9,477.0,817.0
81,23,477.0,822.0
81,28,477.0,902.0
81,45,477.0,724.0
81,49,477.0,1183.0
81,50,477.0,1002.0
81,79,477.0,859.0
82,6,645.0,915.0
82,23,645.0,822.0
82,49,645.0,1183.0
82,50,645.0,1002.0
82,79,645.0,865.8957266162639
84,49,827.0,1183.0
84,50,827.0,1055.3839538785483
87,6,355.0,915.0
87,9,355.0,817.0
87,16,355.0,657.0
87,23,355.0,822.0
87,28,355.0,902.0
87,30,355.0,1004.0
87,38,355.0,841.0
87,44,355.0,584.9983327850292
87,45,355.0,723.0
87,49,355.0,1183.0
87,50,355.0,1002.0
87,79,355.0,859.0
92,6,565.0,915.0
92,9,565.0,817.0
92,23,565.0,822.0
92,49,565.0,1183.0
92,50,565.0,1002.0
92,79,565.0,859.0
96,6,375.0,915.0
96,9,375.0,817.0
96,16,375.0,657.0
96,23,375.0,822.0
96,28,375.0,902.0
96,30,375.0,1004.0
96,38,375.0,841.0
96,45,375.0,723.0
96,49,375.0,1183.0
96,50,375.0,1002.0
96,79,375.0,859.0
97,6,651.0,915.0
97,23,651.0,822.0
97,49,651.0,1183.0
97,50,651.0,1002.0
97,79,651.0,897.6550595352961
98,6,286.0,915.0
98,9,286.0,817.0
98,16,286.0,657.0
98,19,286.0,518.0
98,23,286.0,822.0
98,28,286.0,902.0
98,30,286.0,1004.0
98,38,286.0,841.0
98,44,286.0,541.8284271247462
98,45,286.0,723.0
98,49,286.0,1183.0
98,50,286.0,1002.0
98,71,286.0,664.0
98,79,286.0,859.0
100,49,833.0,1183.0
