source,target
0,1
0,2
0,3
0,4
0,5
0,6
0,7
0,8
0,9
0,10
0,11
0,12
0,13
0,14
0,15
0,26
0,42
0,64
0,81
0,98
0,106
0,125
0,134
0,142
0,149
0,161
0,167
0,178
0,183
1,2
1,3
1,4
1,5
1,6
1,7
1,8
1,9
1,10
1,11
1,12
1,13
1,14
1,16
1,27
1,43
1,65
1,82
1,107
1,126
1,135
1,150
1,162
1,168
1,184
2,3
2,4
2,5
2,6
2,7
2,8
2,9
2,10
2,11
2,12
2,13
2,14
2,17
2,28
2,44
2,66
2,83
2,108
2,151
2,169
2,185
3,4
3,5
3,6
3,7
3,8
3,9
3,10
3,11
3,12
3,13
3,14
3,30
3,46
3,84
3,109
3,186
4,5
4,6
4,7
4,8
4,9
4,10
4,11
4,12
4,13
4,14
4,18
4,31
4,47
4,61
4,67
4,76
4,85
4,99
4,110
4,122
4,127
4,136
4,143
4,152
4,163
4,170
4,179
4,187
5,6
5,7
5,8
5,9
5,10
5,11
5,12
5,13
5,14
5,19
5,32
5,49
5,68
5,86
5,111
5,128
5,137
5,153
5,171
5,188
6,7
6,8
6,9
6,10
6,11
6,12
6,13
6,14
6,20
6,33
6,50
6,69
6,87
6,112
6,154
6,172
6,189
7,8
7,9
7,10
7,11
7,12
7,13
7,14
7,21
7,34
7,51
7,70
7,88
7,113
7,155
7,173
7,190
8,9
8,10
8,11
8,12
8,13
8,14
8,35
8,52
8,71
8,89
8,114
8,156
8,191
9,10
9,11
9,12
9,13
9,14
9,22
9,36
9,53
9,72
9,90
9,100
9,115
9,129
9,138
9,157
9,174
9,192
10,11
10,12
10,13
10,14
10,23
10,37
10,54
10,62
10,73
10,77
10,79
10,91
10,96
10,101
10,104
10,116
10,123
10,130
10,133
10,139
10,144
10,147
10,158
10,164
10,175
10,180
10,193
10,197
11,12
11,13
11,14
11,24
11,38
11,55
11,63
11,74
11,78
11,80
11,92
11,97
11,102
11,105
11,117
11,124
11,131
11,140
11,145
11,148
11,159
11,165
11,176
11,181
11,194
12,13
12,14
12,39
12,57
12,93
12,119
13,14
13,40
13,58
13,94
13,120
13,195
14,25
14,41
14,59
14,75
14,95
14,103
14,121
14,132
14,141
14,146
14,160
14,166
14,177
14,182
14,196
15,16
15,17
15,18
15,19
15,20
15,21
15,22
15,23
15,24
15,25
15,26
15,42
15,64
15,81
15,98
15,106
15,125
15,134
15,142
15,149
15,161
15,167
15,178
15,183
16,17
16,18
16,19
16,20
16,21
16,22
16,23
16,24
16,25
16,27
16,43
16,65
16,82
16,107
16,126
16,135
16,150
16,162
16,168
16,184
17,18
17,19
17,20
17,21
17,22
17,23
17,24
17,25
17,28
17,44
17,66
17,83
17,108
17,151
17,169
17,185
18,19
18,20
18,21
18,22
18,23
18,24
18,25
18,31
18,47
18,61
18,67
18,76
18,85
18,99
18,110
18,122
18,127
18,136
18,143
18,152
18,163
18,170
18,179
18,187
19,20
19,21
19,22
19,23
19,24
19,25
19,32
19,49
19,68
19,86
19,111
19,128
19,137
19,153
19,171
19,188
20,21
20,22
20,23
20,24
20,25
20,33
20,50
20,69
20,87
20,112
20,154
20,172
20,189
21,22
21,23
21,24
21,25
21,34
21,51
21,70
21,88
21,113
21,155
21,173
21,190
22,23
22,24
22,25
22,36
22,53
22,72
22,90
22,100
22,115
22,129
22,138
22,157
22,174
22,192
23,24
23,25
23,37
23,54
23,62
23,73
23,77
23,79
23,91
23,96
23,101
23,104
23,116
23,123
23,130
23,133
23,139
23,144
23,147
23,158
23,164
23,175
23,180
23,193
23,197
24,25
24,38
24,55
24,63
24,74
24,78
24,80
24,92
24,97
24,102
24,105
24,117
24,124
24,131
24,140
24,145
24,148
24,159
24,165
24,176
24,181
24,194
25,41
25,59
25,75
25,95
25,103
25,121
25,132
25,141
25,146
25,160
25,166
25,177
25,182
25,196
26,27
26,28
26,29
26,30
26,31
26,32
26,33
26,34
26,35
26,36
26,37
26,38
26,39
26,40
26,41
26,42
26,64
26,81
26,98
26,106
26,125
26,134
26,142
26,149
26,161
26,167
26,178
26,183
27,28
27,29
27,30
27,31
27,32
27,33
27,34
27,35
27,36
27,37
27,38
27,39
27,40
27,41
27,43
27,65
27,82
27,107
27,126
27,135
27,150
27,162
27,168
27,184
28,29
28,30
28,31
28,32
28,33
28,34
28,35
28,36
28,37
28,38
28,39
28,40
28,41
28,44
28,66
28,83
28,108
28,151
28,169
28,185
29,30
29,31
29,32
29,33
29,34
29,35
29,36
29,37
29,38
29,39
29,40
29,41
29,45
30,31
30,32
30,33
30,34
30,35
30,36
30,37
30,38
30,39
30,40
30,41
30,46
30,84
30,109
30,186
31,32
31,33
31,34
31,35
31,36
31,37
31,38
31,39
31,40
31,41
31,47
31,61
31,67
31,76
31,85
31,99
31,110
31,122
31,127
31,136
31,143
31,152
31,163
31,170
31,179
31,187
32,33
32,34
32,35
32,36
32,37
32,38
32,39
32,40
32,41
32,49
32,68
32,86
32,111
32,128
32,137
32,153
32,171
32,188
33,34
33,35
33,36
33,37
33,38
33,39
33,40
33,41
33,50
33,69
33,87
33,112
33,154
33,172
33,189
34,35
34,36
34,37
34,38
34,39
34,40
34,41
34,51
34,70
34,88
34,113
34,155
34,173
34,190
35,36
35,37
35,38
35,39
35,40
35,41
35,52
35,71
35,89
35,114
35,156
35,191
36,37
36,38
36,39
36,40
36,41
36,53
36,72
36,90
36,100
36,115
36,129
36,138
36,157
36,174
36,192
37,38
37,39
37,40
37,41
37,54
37,62
37,73
37,77
37,79
37,91
37,96
37,101
37,104
37,116
37,123
37,130
37,133
37,139
37,144
37,147
37,158
37,164
37,175
37,180
37,193
37,197
38,39
38,40
38,41
38,55
38,63
38,74
38,78
38,80
38,92
38,97
38,102
38,105
38,117
38,124
38,131
38,140
38,145
38,148
38,159
38,165
38,176
38,181
38,194
39,40
39,41
39,57
39,93
39,119
40,41
40,58
40,94
40,120
40,195
41,59
41,75
41,95
41,103
41,121
41,132
41,141
41,146
41,160
41,166
41,177
41,182
41,196
42,43
42,44
42,45
42,46
42,47
42,48
42,49
42,50
42,51
42,52
42,53
42,54
42,55
42,56
42,57
42,58
42,59
42,60
42,64
42,81
42,98
42,106
42,125
42,134
42,142
42,149
42,161
42,167
42,178
42,183
43,44
43,45
43,46
43,47
43,48
43,49
43,50
43,51
43,52
43,53
43,54
43,55
43,56
43,57
43,58
43,59
43,60
43,65
43,82
43,107
43,126
43,135
43,150
43,162
43,168
43,184
44,45
44,46
44,47
44,48
44,49
44,50
44,51
44,52
44,53
44,54
44,55
44,56
44,57
44,58
44,59
44,60
44,66
44,83
44,108
44,151
44,169
44,185
45,46
45,47
45,48
45,49
45,50
45,51
45,52
45,53
45,54
45,55
45,56
45,57
45,58
45,59
45,60
46,47
46,48
46,49
46,50
46,51
46,52
46,53
46,54
46,55
46,56
46,57
46,58
46,59
46,60
46,84
46,109
46,186
47,48
47,49
47,50
47,51
47,52
47,53
47,54
47,55
47,56
47,57
47,58
47,59
47,60
47,61
47,67
47,76
47,85
47,99
47,110
47,122
47,127
47,136
47,143
47,152
47,163
47,170
47,179
47,187
48,49
48,50
48,51
48,52
48,53
48,54
48,55
48,56
48,57
48,58
48,59
48,60
49,50
49,51
49,52
49,53
49,54
49,55
49,56
49,57
49,58
49,59
49,60
49,68
49,86
49,111
49,128
49,137
49,153
49,171
49,188
50,51
50,52
50,53
50,54
50,55
50,56
50,57
50,58
50,59
50,60
50,69
50,87
50,112
50,154
50,172
50,189
51,52
51,53
51,54
51,55
51,56
51,57
51,58
51,59
51,60
51,70
51,88
51,113
51,155
51,173
51,190
52,53
52,54
52,55
52,56
52,57
52,58
52,59
52,60
52,71
52,89
52,114
52,156
52,191
53,54
53,55
53,56
53,57
53,58
53,59
53,60
53,72
53,90
53,100
53,115
53,129
53,138
53,157
53,174
53,192
54,55
54,56
54,57
54,58
54,59
54,60
54,62
54,73
54,77
54,79
54,91
54,96
54,101
54,104
54,116
54,123
54,130
54,133
54,139
54,144
54,147
54,158
54,164
54,175
54,180
54,193
54,197
55,56
55,57
55,58
55,59
55,60
55,63
55,74
55,78
55,80
55,92
55,97
55,102
55,105
55,117
55,124
55,131
55,140
55,145
55,148
55,159
55,165
55,176
55,181
55,194
56,57
56,58
56,59
56,60
56,118
57,58
57,59
57,60
57,93
57,119
58,59
58,60
58,94
58,120
58,195
59,60
59,75
59,95
59,103
59,121
59,132
59,141
59,146
59,160
59,166
59,177
59,182
59,196
61,62
61,63
61,67
61,76
61,85
61,99
61,110
61,122
61,127
61,136
61,143
61,152
61,163
61,170
61,179
61,187
62,63
62,73
62,77
62,79
62,91
62,96
62,101
62,104
62,116
62,123
62,130
62,133
62,139
62,144
62,147
62,158
62,164
62,175
62,180
62,193
62,197
63,74
63,78
63,80
63,92
63,97
63,102
63,105
63,117
63,124
63,131
63,140
63,145
63,148
63,159
63,165
63,176
63,181
63,194
64,65
64,66
64,67
64,68
64,69
64,70
64,71
64,72
64,73
64,74
64,75
64,81
64,98
64,106
64,125
64,134
64,142
64,149
64,161
64,167
64,178
64,183
65,66
65,67
65,68
65,69
65,70
65,71
65,72
65,73
65,74
65,75
65,82
65,107
65,126
65,135
65,150
65,162
65,168
65,184
66,67
66,68
66,69
66,70
66,71
66,72
66,73
66,74
66,75
66,83
66,108
66,151
66,169
66,185
67,68
67,69
67,70
67,71
67,72
67,73
67,74
67,75
67,76
67,85
67,99
67,110
67,122
67,127
67,136
67,143
67,152
67,163
67,170
67,179
67,187
68,69
68,70
68,71
68,72
68,73
68,74
68,75
68,86
68,111
68,128
68,137
68,153
68,171
68,188
69,70
69,71
69,72
69,73
69,74
69,75
69,87
69,112
69,154
69,172
69,189
70,71
70,72
70,73
70,74
70,75
70,88
70,113
70,155
70,173
70,190
71,72
71,73
71,74
71,75
71,89
71,114
71,156
71,191
72,73
72,74
72,75
72,90
72,100
72,115
72,129
72,138
72,157
72,174
72,192
73,74
73,75
73,77
73,79
73,91
73,96
73,101
73,104
73,116
73,123
73,130
73,133
73,139
73,144
73,147
73,158
73,164
73,175
73,180
73,193
73,197
74,75
74,78
74,80
74,92
74,97
74,102
74,105
74,117
74,124
74,131
74,140
74,145
74,148
74,159
74,165
74,176
74,181
74,194
75,95
75,103
75,121
75,132
75,141
75,146
75,160
75,166
75,177
75,182
75,196
76,77
76,78
76,85
76,99
76,110
76,122
76,127
76,136
76,143
76,152
76,163
76,170
76,179
76,187
77,78
77,79
77,91
77,96
77,101
77,104
77,116
77,123
77,130
77,133
77,139
77,144
77,147
77,158
77,164
77,175
77,180
77,193
77,197
78,80
78,92
78,97
78,102
78,105
78,117
78,124
78,131
78,140
78,145
78,148
78,159
78,165
78,176
78,181
78,194
79,80
79,91
79,96
79,101
79,104
79,116
79,123
79,130
79,133
79,139
79,144
79,147
79,158
79,164
79,175
79,180
79,193
79,197
80,92
80,97
80,102
80,105
80,117
80,124
80,131
80,140
80,145
80,148
80,159
80,165
80,176
80,181
80,194
81,82
81,83
81,84
81,85
81,86
81,87
81,88
81,89
81,90
81,91
81,92
81,93
81,94
81,95
81,98
81,106
81,125
81,134
81,142
81,149
81,161
81,167
81,178
81,183
82,83
82,84
82,85
82,86
82,87
82,88
82,89
82,90
82,91
82,92
82,93
82,94
82,95
82,107
82,126
82,135
82,150
82,162
82,168
82,184
83,84
83,85
83,86
83,87
83,88
83,89
83,90
83,91
83,92
83,93
83,94
83,95
83,108
83,151
83,169
83,185
84,85
84,86
84,87
84,88
84,89
84,90
84,91
84,92
84,93
84,94
84,95
84,109
84,186
85,86
85,87
85,88
85,89
85,90
85,91
85,92
85,93
85,94
85,95
85,99
85,110
85,122
85,127
85,136
85,143
85,152
85,163
85,170
85,179
85,187
86,87
86,88
86,89
86,90
86,91
86,92
86,93
86,94
86,95
86,111
86,128
86,137
86,153
86,171
86,188
87,88
87,89
87,90
87,91
87,92
87,93
87,94
87,95
87,112
87,154
87,172
87,189
88,89
88,90
88,91
88,92
88,93
88,94
88,95
88,113
88,155
88,173
88,190
89,90
89,91
89,92
89,93
89,94
89,95
89,114
89,156
89,191
90,91
90,92
90,93
90,94
90,95
90,100
90,115
90,129
90,138
90,157
90,174
90,192
91,92
91,93
91,94
91,95
91,96
91,101
91,104
91,116
91,123
91,130
91,133
91,139
91,144
91,147
91,158
91,164
91,175
91,180
91,193
91,197
92,93
92,94
92,95
92,97
92,102
92,105
92,117
92,124
92,131
92,140
92,145
92,148
92,159
92,165
92,176
92,181
92,194
93,94
93,95
93,119
94,95
94,120
94,195
95,103
95,121
95,132
95,141
95,146
95,160
95,166
95,177
95,182
95,196
96,97
96,101
96,104
96,116
96,123
96,130
96,133
96,139
96,144
96,147
96,158
96,164
96,175
96,180
96,193
96,197
97,102
97,105
97,117
97,124
97,131
97,140
97,145
97,148
97,159
97,165
97,176
97,181
97,194
98,99
98,100
98,101
98,102
98,103
98,106
98,125
98,134
98,142
98,149
98,161
98,167
98,178
98,183
99,100
99,101
99,102
99,103
99,110
99,122
99,127
99,136
99,143
99,152
99,163
99,170
99,179
99,187
100,101
100,102
100,103
100,115
100,129
100,138
100,157
100,174
100,192
101,102
101,103
101,104
101,116
101,123
101,130
101,133
101,139
101,144
101,147
101,158
101,164
101,175
101,180
101,193
101,197
102,103
102,105
102,117
102,124
102,131
102,140
102,145
102,148
102,159
102,165
102,176
102,181
102,194
103,121
103,132
103,141
103,146
103,160
103,166
103,177
103,182
103,196
104,105
104,116
104,123
104,130
104,133
104,139
104,144
104,147
104,158
104,164
104,175
104,180
104,193
104,197
105,117
105,124
105,131
105,140
105,145
105,148
105,159
105,165
105,176
105,181
105,194
106,107
106,108
106,109
106,110
106,111
106,112
106,113
106,114
106,115
106,116
106,117
106,118
106,119
106,120
106,121
106,125
106,134
106,142
106,149
106,161
106,167
106,178
106,183
107,108
107,109
107,110
107,111
107,112
107,113
107,114
107,115
107,116
107,117
107,118
107,119
107,120
107,121
107,126
107,135
107,150
107,162
107,168
107,184
108,109
108,110
108,111
108,112
108,113
108,114
108,115
108,116
108,117
108,118
108,119
108,120
108,121
108,151
108,169
108,185
109,110
109,111
109,112
109,113
109,114
109,115
109,116
109,117
109,118
109,119
109,120
109,121
109,186
110,111
110,112
110,113
110,114
110,115
110,116
110,117
110,118
110,119
110,120
110,121
110,122
110,127
110,136
110,143
110,152
110,163
110,170
110,179
110,187
111,112
111,113
111,114
111,115
111,116
111,117
111,118
111,119
111,120
111,121
111,128
111,137
111,153
111,171
111,188
112,113
112,114
112,115
112,116
112,117
112,118
112,119
112,120
112,121
112,154
112,172
112,189
113,114
113,115
113,116
113,117
113,118
113,119
113,120
113,121
113,155
113,173
113,190
114,115
114,116
114,117
114,118
114,119
114,120
114,121
114,156
114,191
115,116
115,117
115,118
115,119
115,120
115,121
115,129
115,138
115,157
115,174
115,192
116,117
116,118
116,119
116,120
116,121
116,123
116,130
116,133
116,139
116,144
116,147
116,158
116,164
116,175
116,180
116,193
116,197
117,118
117,119
117,120
117,121
117,124
117,131
117,140
117,145
117,148
117,159
117,165
117,176
117,181
117,194
118,119
118,120
118,121
119,120
119,121
120,121
120,195
121,132
121,141
121,146
121,160
121,166
121,177
121,182
121,196
122,123
122,124
122,127
122,136
122,143
122,152
122,163
122,170
122,179
122,187
123,124
123,130
123,133
123,139
123,144
123,147
123,158
123,164
123,175
123,180
123,193
123,197
124,131
124,140
124,145
124,148
124,159
124,165
124,176
124,181
124,194
125,126
125,127
125,128
125,129
125,130
125,131
125,132
125,134
125,142
125,149
125,161
125,167
125,178
125,183
126,127
126,128
126,129
126,130
126,131
126,132
126,135
126,150
126,162
126,168
126,184
127,128
127,129
127,130
127,131
127,132
127,136
127,143
127,152
127,163
127,170
127,179
127,187
128,129
128,130
128,131
128,132
128,137
128,153
128,171
128,188
129,130
129,131
129,132
129,138
129,157
129,174
129,192
130,131
130,132
130,133
130,139
130,144
130,147
130,158
130,164
130,175
130,180
130,193
130,197
131,132
131,140
131,145
131,148
131,159
131,165
131,176
131,181
131,194
132,141
132,146
132,160
132,166
132,177
132,182
132,196
133,139
133,144
133,147
133,158
133,164
133,175
133,180
133,193
133,197
134,135
134,136
134,137
134,138
134,139
134,140
134,141
134,142
134,149
134,161
134,167
134,178
134,183
135,136
135,137
135,138
135,139
135,140
135,141
135,150
135,162
135,168
135,184
136,137
136,138
136,139
136,140
136,141
136,143
136,152
136,163
136,170
136,179
136,187
137,138
137,139
137,140
137,141
137,153
137,171
137,188
138,139
138,140
138,141
138,157
138,174
138,192
139,140
139,141
139,144
139,147
139,158
139,164
139,175
139,180
139,193
139,197
140,141
140,145
140,148
140,159
140,165
140,176
140,181
140,194
141,146
141,160
141,166
141,177
141,182
141,196
142,143
142,144
142,145
142,146
142,149
142,161
142,167
142,178
142,183
143,144
143,145
143,146
143,152
143,163
143,170
143,179
143,187
144,145
144,146
144,147
144,158
144,164
144,175
144,180
144,193
144,197
145,146
145,148
145,159
145,165
145,176
145,181
145,194
146,160
146,166
146,177
146,182
146,196
147,148
147,158
147,164
147,175
147,180
147,193
147,197
148,159
148,165
148,176
148,181
148,194
149,150
149,151
149,152
149,153
149,154
149,155
149,156
149,157
149,158
149,159
149,160
149,161
149,167
149,178
149,183
150,151
150,152
150,153
150,154
150,155
150,156
150,157
150,158
150,159
150,160
150,162
150,168
150,184
151,152
151,153
151,154
151,155
151,156
151,157
151,158
151,159
151,160
151,169
151,185
152,153
152,154
152,155
152,156
152,157
152,158
152,159
152,160
152,163
152,170
152,179
152,187
153,154
153,155
153,156
153,157
153,158
153,159
153,160
153,171
153,188
154,155
154,156
154,157
154,158
154,159
154,160
154,172
154,189
155,156
155,157
155,158
155,159
155,160
155,173
155,190
156,157
156,158
156,159
156,160
156,191
157,158
157,159
157,160
157,174
157,192
158,159
158,160
158,164
158,175
158,180
158,193
158,197
159,160
159,165
159,176
159,181
159,194
160,166
160,177
160,182
160,196
161,162
161,163
161,164
161,165
161,166
161,167
161,178
161,183
162,163
162,164
162,165
162,166
162,168
162,184
163,164
163,165
163,166
163,170
163,179
163,187
164,165
164,166
164,175
164,180
164,193
164,197
165,166
165,176
165,181
165,194
166,177
166,182
166,196
167,168
167,169
167,170
167,171
167,172
167,173
167,174
167,175
167,176
167,177
167,178
167,183
168,169
168,170
168,171
168,172
168,173
168,174
168,175
168,176
168,177
168,184
169,170
169,171
169,172
169,173
169,174
169,175
169,176
169,177
169,185
170,171
170,172
170,173
170,174
170,175
170,176
170,177
170,179
170,187
171,172
171,173
171,174
171,175
171,176
171,177
171,188
172,173
172,174
172,175
172,176
172,177
172,189
173,174
173,175
173,176
173,177
173,190
174,175
174,176
174,177
174,192
175,176
175,177
175,180
175,193
175,197
176,177
176,181
176,194
177,182
177,196
178,179
178,180
178,181
178,182
178,183
179,180
179,181
179,182
179,187
180,181
180,182
180,193
180,197
181,182
181,194
182,196
183,184
183,185
183,186
183,187
183,188
183,189
183,190
183,191
183,192
183,193
183,194
183,195
183,196
184,185
184,186
184,187
184,188
184,189
184,190
184,191
184,192
184,193
184,194
184,195
184,196
185,186
185,187
185,188
185,189
185,190
185,191
185,192
185,193
185,194
185,195
185,196
186,187
186,188
186,189
186,190
186,191
186,192
186,193
186,194
186,195
186,196
187,188
187,189
187,190
187,191
187,192
187,193
187,194
187,195
187,196
188,189
188,190
188,191
188,192
188,193
188,194
188,195
188,196
189,190
189,191
189,192
189,193
189,194
189,195
189,196
190,191
190,192
190,193
190,194
190,195
190,196
191,192
191,193
191,194
191,195
191,196
192,193
192,194
192,195
192,196
193,194
193,195
193,196
193,197
194,195
194,196
195,196
