id,j,k,degree
0,5,6,29
1,5,9,26
2,5,16,23
3,5,19,19
4,5,23,32
5,5,28,25
6,5,30,23
7,5,38,23
8,5,44,21
9,5,45,26
10,5,49,38
11,5,50,36
12,5,62,18
13,5,71,19
14,5,79,29
15,8,6,25
16,8,9,22
17,8,16,19
18,8,23,28
19,8,28,21
20,8,30,19
21,8,38,19
22,8,45,22
23,8,49,34
24,8,50,32
25,8,79,25
26,13,6,30
27,13,9,27
28,13,16,24
29,13,18,16
30,13,19,20
31,13,23,33
32,13,28,26
33,13,30,24
34,13,38,24
35,13,44,22
36,13,45,27
37,13,49,39
38,13,50,37
39,13,62,19
40,13,71,20
41,13,79,30
42,20,6,33
43,20,9,30
44,20,16,27
45,20,18,19
46,20,19,23
47,20,23,36
48,20,25,18
49,20,28,29
50,20,30,27
51,20,38,27
52,20,44,25
53,20,45,30
54,20,49,42
55,20,50,40
56,20,54,19
57,20,62,22
58,20,71,23
59,20,79,33
60,20,86,18
61,29,23,20
62,29,49,26
63,29,50,24
64,32,6,26
65,32,9,23
66,32,16,20
67,32,23,29
68,32,28,22
69,32,30,20
70,32,38,20
71,32,44,18
72,32,45,23
73,32,49,35
74,32,50,33
75,32,79,26
76,35,23,20
77,35,49,26
78,35,50,24
79,36,49,25
80,36,50,23
81,43,6,29
82,43,9,26
83,43,16,23
84,43,19,19
85,43,23,32
86,43,28,25
87,43,30,23
88,43,38,23
89,43,44,21
90,43,45,26
91,43,49,38
92,43,50,36
93,43,62,18
94,43,71,19
95,43,79,29
96,51,49,25
97,51,50,23
98,53,6,20
99,53,23,23
100,53,45,17
101,53,49,29
102,53,50,27
103,53,79,20
104,56,49,25
105,56,50,23
106,57,6,30
107,57,9,27
108,57,16,24
109,57,19,20
110,57,23,33
111,57,28,26
112,57,30,24
113,57,38,24
114,57,44,22
115,57,45,27
116,57,49,39
117,57,50,37
118,57,54,16
119,57,62,19
120,57,71,20
121,57,79,30
122,64,23,20
123,64,49,26
124,64,50,24
125,65,6,22
126,65,9,19
127,65,23,25
128,65,28,18
129,65,45,19
130,65,49,31
131,65,50,29
132,65,79,22
133,66,49,24
134,81,6,22
135,81,9,19
136,81,23,25
137,81,28,18
138,81,45,19
139,81,49,31
140,81,50,29
141,81,79,22
142,82,6,19
143,82,23,22
144,82,49,28
145,82,50,26
146,82,79,19
147,84,49,25
148,84,50,23
149,87,6,26
150,87,9,23
151,87,16,20
152,87,23,29
153,87,28,22
154,87,30,20
155,87,38,20
156,87,44,18
157,87,45,23
158,87,49,35
159,87,50,33
160,87,79,26
161,92,6,20
162,92,9,17
163,92,23,23
164,92,49,29
165,92,50,27
166,92,79,20
167,96,6,25
168,96,9,22
169,96,16,19
170,96,23,28
171,96,28,21
172,96,30,19
173,96,38,19
174,96,45,22
175,96,49,34
176,96,50,32
177,96,79,25
178,97,6,19
179,97,23,22
180,97,49,28
181,97,50,26
182,97,79,19
183,98,6,28
184,98,9,25
185,98,16,22
186,98,19,18
187,98,23,31
188,98,28,24
189,98,30,22
190,98,38,22
191,98,44,20
192,98,45,25
193,98,49,37
194,98,50,35
195,98,71,18
196,98,79,28
197,100,49,24
