type,j,k,q_j,q_k,A,B,alpha_star,feasible
J,3,,10.0,,19.286793156765476,31.622776601683796,0.6099019513592784,1
J,5,,10.0,,17.368813927921344,22.360679774997898,0.7767569726275452,1
J,8,,20.0,,21.716321551738822,72.11102550927978,0.3011511956509924,1
J,11,,10.0,,29.69675832550939,100.4987562112089,0.29549378962559963,1
J,13,,30.0,,34.80584360149872,120.0,0.290048696679156,1
J,20,,10.0,,15.0,50.0,0.3,1
J,29,,10.0,,27.071067811865476,70.71067811865476,0.382842712474619,1
J,32,,30.0,,36.622776601683796,150.0,0.2441518440112253,1
J,35,,10.0,,49.25920541681849,111.80339887498948,0.440587727318528,1
J,36,,10.0,,35.35533905932738,0.0,,1
J,43,,10.0,,20.158496632710836,36.05551275463989,0.5590961018885161,1
J,51,,10.0,,25.0,0.0,,1
J,53,,20.0,,51.17742799230607,120.0,0.4264785666025506,1
J,56,,30.0,,55.19803902718557,305.9411708155671,0.18042043468697136,1
J,57,,40.0,,37.0,80.0,0.4625,1
J,64,,10.0,,21.540659228538015,0.0,,1
J,65,,10.0,,23.986588362364646,111.80339887498948,0.21454256850621084,1
J,66,,10.0,,18.55294535724685,20.0,0.9276472678623424,1
J,81,,30.0,,58.61450479002464,335.4101966249685,0.17475468957064283,1
J,82,,20.0,,43.95766432637001,172.04650534085255,0.2554987341316966,1
J,84,,20.0,,38.04834939252005,140.0,0.2717739242322861,1
J,87,,20.0,,32.495097567963924,140.0,0.2321078397711709,1
J,92,,20.0,,46.204072210600685,40.0,1.155101805265017,1
J,96,,10.0,,41.44067756177439,53.85164807134504,0.7695340634119862,1
J,97,,30.0,,40.311288741492746,0.0,,1
J,98,,20.0,,37.20896783893157,128.06248474865697,0.29055322416990503,1
J,100,,20.0,,43.07886552931954,100.0,0.43078865529319543,1
K,,6,,20.0,24.099019513592786,101.9803902718557,0.23631032838127483,1
K,,9,,10.0,24.57188719724136,44.721359549995796,0.5494441010848846,1
K,,16,,40.0,42.311288741492746,80.0,0.5288911092686593,1
K,,18,,20.0,49.49747468305833,282.842712474619,0.175,1
K,,19,,10.0,44.05124837953327,50.0,0.8810249675906654,1
K,,23,,10.0,13.0,0.0,,1
K,,25,,40.0,17.13274595042156,80.0,0.21415932438026947,1
K,,28,,20.0,23.55099704151465,116.61903789690601,0.2019481335657587,1
K,,30,,10.0,31.055834636998853,104.40306508910551,0.2974609472479897,1
K,,33,,40.0,39.52610922848042,240.0,0.1646921217853351,1
K,,38,,30.0,50.66503738823321,283.0194339616981,0.17901610740656723,1
K,,42,,20.0,22.141635040574158,56.568542494923804,0.3914125070936916,1
K,,44,,10.0,24.369086353284207,28.284271247461902,0.8615773105863908,1
K,,45,,10.0,24.360679774997898,20.0,1.218033988749895,1
K,,49,,10.0,21.209372712298546,20.0,1.0604686356149273,1
K,,50,,10.0,25.965786162151137,31.622776601683796,0.8211102550927977,1
K,,54,,40.0,48.6522940560442,344.0930106817051,0.1413928575871273,1
K,,62,,20.0,25.09882418918542,141.4213562373095,0.17747548783981962,1
K,,63,,50.0,19.97308751857625,291.54759474226506,0.06850712500726658,1
K,,67,,10.0,22.64686212464425,104.40306508910551,0.21691759820763593,1
K,,71,,20.0,65.61109652199953,172.04650534085255,0.3813567523037629,1
K,,76,,10.0,57.58669735168725,53.85164807134504,1.0693581239221102,1
K,,78,,20.0,50.28916384272063,0.0,,1
K,,79,,10.0,56.46353596362304,53.85164807134504,1.048501540543711,1
K,,86,,10.0,34.28665426565411,78.10249675906654,0.43899562355122707,1
K,,90,,10.0,27.68659593995378,70.71067811865476,0.391547594742265,1
JK,5,6,10.0,20.0,25.46783344151413,124.34107004685359,0.20482237632278272,1
JK,5,9,10.0,10.0,26.313085837920504,67.0820393249937,0.39225232420918166,1
JK,5,16,10.0,40.0,46.955042376188786,102.36067977499789,0.45872147859316764,1
JK,5,19,10.0,10.0,51.02191149171015,72.36067977499789,0.7051054751055459,1
JK,5,23,10.0,10.0,33.64763452402105,22.360679774997898,1.504767961555597,1
JK,5,28,10.0,20.0,43.44822255408323,138.9797176719039,0.3126227573483315,1
JK,5,30,10.0,10.0,50.63454485785855,126.76374486410342,0.3994402730223939,1
JK,5,38,10.0,30.0,74.51023682748419,305.380113736696,0.24399177770864347,1
JK,5,44,10.0,10.0,57.075418881839084,50.6449510224598,1.12697154858591,1
JK,5,45,10.0,10.0,56.731897312460156,42.3606797749979,1.3392584258278224,1
JK,5,49,10.0,10.0,52.61035420511067,42.3606797749979,1.241961991274803,1
JK,5,50,10.0,10.0,57.30064420979019,53.983456376681694,1.0614482298051107,1
JK,5,62,10.0,20.0,57.01287668959148,163.7820360123074,0.3481021367038522,1
JK,5,71,10.0,20.0,89.10591566562236,194.40718511585044,0.45834682299691076,1
JK,5,79,10.0,10.0,81.95701919751859,76.21232784634293,1.075377455505072,1
JK,8,6,20.0,20.0,32.64629296017691,174.09141578113548,0.18752385241796887,1
JK,8,9,20.0,10.0,31.188457506738402,116.83238505927558,0.26695044777965254,1
JK,8,16,20.0,40.0,47.92375842555923,152.11102550927978,0.3150577564322289,1
JK,8,23,20.0,10.0,34.75472636214412,72.11102550927978,0.48196133832088717,1
JK,8,28,20.0,20.0,43.82609404268383,188.7300634061858,0.2322157543515528,1
JK,8,30,20.0,10.0,50.75770329838765,176.51409059838528,0.2875560989285236,1
JK,8,38,20.0,30.0,74.7507613969787,355.1304594709779,0.210488172454516,1
JK,8,45,20.0,10.0,60.061885242511316,92.11102550927978,0.6520596737516546,1
JK,8,49,20.0,10.0,55.49681871588023,92.11102550927978,0.6024991949556481,1
JK,8,50,20.0,10.0,60.04961000204515,103.73380211096358,0.5788817991825881,1
JK,8,79,20.0,10.0,90.34703956224091,125.96267358062482,0.7172524764204259,1
JK,13,6,30.0,20.0,62.70837161707427,221.9803902718557,0.2824950958067799,1
JK,13,9,30.0,10.0,59.8935076845866,164.72135954999578,0.3636049863127064,1
JK,13,16,30.0,40.0,47.003882628684295,200.0,0.23501941314342148,1
JK,13,18,30.0,20.0,51.94797922522967,402.842712474619,0.1289535037288347,1
JK,13,19,30.0,10.0,45.63679549634402,170.0,0.26845173821378837,1
JK,13,23,30.0,10.0,57.16652337649662,120.0,0.4763876948041385,1
JK,13,28,30.0,20.0,61.25232362443232,236.619037896906,0.25886473112581804,1
JK,13,30,30.0,10.0,65.34590135265105,224.4030650891055,0.2911987914545804,1
JK,13,38,30.0,30.0,83.59716204186418,403.0194339616981,0.20742712384884407,1
JK,13,44,30.0,10.0,84.76175739803762,148.2842712474619,0.5716166433902101,1
JK,13,45,30.0,10.0,83.3783676902788,140.0,0.5955597692162771,1
JK,13,49,30.0,10.0,78.03689985767534,140.0,0.5574064275548238,1
JK,13,50,30.0,10.0,81.70597671892519,151.6227766016838,0.5388766684676175,1
JK,13,62,30.0,20.0,93.10190531282699,261.4213562373095,0.3561373357282724,1
JK,13,71,30.0,20.0,130.1779792866816,292.04650534085255,0.44574400619774107,1
JK,13,79,30.0,10.0,122.56818971510911,173.85164807134504,0.7050159781333204,1
JK,20,6,10.0,20.0,44.3064563874132,151.9803902718557,0.29152745501021415,1
JK,20,9,10.0,10.0,43.325856838752706,94.7213595499958,0.4574032408802628,1
JK,20,16,10.0,40.0,52.35533905932738,130.0,0.40273337737944137,1
JK,20,18,10.0,20.0,56.06795965940347,332.842712474619,0.1684518169033938,1
JK,20,19,10.0,10.0,51.622776601683796,100.0,0.516227766016838,1
JK,20,23,10.0,10.0,20.8309518948453,50.0,0.41661903789690596,1
JK,20,25,10.0,40.0,19.0,130.0,0.14615384615384616,1
JK,20,28,10.0,20.0,26.216116701979807,166.619037896906,0.15734166415125256,1
JK,20,30,10.0,10.0,32.51137432077603,154.4030650891055,0.2105617158701728,1
JK,20,38,10.0,30.0,51.35980516772912,333.0194339616981,0.15422464856401208,1
JK,20,44,10.0,10.0,39.01804722516328,78.2842712474619,0.49841489999727506,1
JK,20,45,10.0,10.0,37.6155281280883,70.0,0.5373646875441186,1
JK,20,49,10.0,10.0,32.29705854077835,70.0,0.4613865505825479,1
JK,20,50,10.0,10.0,36.190034037488324,81.6227766016838,0.4433815601997269,1
JK,20,54,10.0,40.0,67.06495289124409,394.0930106817051,0.17017544354627,1
JK,20,62,10.0,20.0,51.22582728609198,191.4213562373095,0.26760769170701165,1
JK,20,71,10.0,20.0,95.19143058342439,222.04650534085255,0.4287004221809335,1
JK,20,79,10.0,10.0,85.53115470674382,103.85164807134504,0.8235897676653603,1
JK,20,86,10.0,10.0,64.11400253203342,128.10249675906653,0.5004898745464594,1
JK,29,23,10.0,10.0,30.071067811865476,70.71067811865476,0.42526911934581185,1
JK,29,49,10.0,10.0,49.29481622802216,90.71067811865476,0.5434290344907544,1
JK,29,50,10.0,10.0,53.255074338476525,102.33345472033855,0.5204072752553344,1
JK,32,6,30.0,20.0,87.0649323102951,251.9803902718557,0.3455226504584853,1
JK,32,9,30.0,10.0,85.91678221871331,194.72135954999578,0.44122936701586507,1
JK,32,16,30.0,40.0,89.61297173761164,230.0,0.3896216162504854,1
JK,32,23,30.0,10.0,63.530024695831216,150.0,0.42353349797220813,1
JK,32,28,30.0,20.0,66.30744938028222,266.619037896906,0.24869735448494654,1
JK,32,30,30.0,10.0,69.42376288559224,254.4030650891055,0.2728888618589416,1
JK,32,38,30.0,30.0,57.23709762123934,433.0194339616981,0.13218135984700893,1
JK,32,44,30.0,10.0,62.01223207178695,178.2842712474619,0.3478278349395882,1
JK,32,45,30.0,10.0,59.238304729772096,170.0,0.3484606160574829,1
JK,32,49,30.0,10.0,56.622776601683796,170.0,0.3330751564804929,1
JK,32,50,30.0,10.0,56.06387485795188,181.6227766016838,0.30868306226209363,1
JK,32,79,30.0,10.0,119.17010830426,203.85164807134504,0.5845923220721386,1
JK,35,23,10.0,10.0,78.9913429114555,111.80339887498948,0.7065200495360426,1
JK,35,49,10.0,10.0,80.9913429114555,131.80339887498948,0.6144859965885456,1
JK,35,50,10.0,10.0,81.49036678448414,143.42617547667328,0.5681694189617269,1
JK,36,49,10.0,10.0,62.435211467296284,20.0,3.1217605733648144,1
JK,36,50,10.0,10.0,63.21579478995269,31.622776601683796,1.9990589563405599,1
JK,43,6,10.0,20.0,62.593825551492564,138.0359030264956,0.4534604706391341,1
JK,43,9,10.0,10.0,62.74886969280225,80.77687230463569,0.7768172733422506,1
JK,43,16,10.0,40.0,77.24025404839247,116.05551275463989,0.6655457566388152,1
JK,43,19,10.0,10.0,77.15849663271084,86.05551275463989,0.8966130601383309,1
JK,43,23,10.0,10.0,44.20012719305345,36.05551275463989,1.2258909613583417,1
JK,43,28,10.0,20.0,51.931692069701825,152.6745506515459,0.34014635607624755,1
JK,43,30,10.0,10.0,58.05786357711335,140.4585778437454,0.4133450905483354,1
JK,43,38,10.0,30.0,65.49512390679992,319.074946716338,0.20526564238534836,1
JK,43,44,10.0,10.0,26.592475032921016,64.3397840021018,0.4133130915088605,1
JK,43,45,10.0,10.0,27.54366143984534,56.05551275463989,0.4913640083965776,1
JK,43,49,10.0,10.0,29.774269738574745,56.05551275463989,0.5311568528308616,1
JK,43,50,10.0,10.0,32.320774292879214,67.67828935632369,0.47756488233193267,1
JK,43,62,10.0,20.0,42.52662298535466,177.4768689919494,0.23961783429526093,1
JK,43,71,10.0,20.0,88.83577508325583,208.10201809549244,0.4268856971992048,1
JK,43,79,10.0,10.0,77.58210876487608,89.90716082598493,0.8629135660844195,1
JK,51,49,10.0,10.0,32.8309518948453,20.0,1.6415475947422649,1
JK,51,50,10.0,10.0,30.398345637668168,31.622776601683796,0.9612800931607495,1
JK,53,6,20.0,20.0,120.30768988022733,221.9803902718557,0.5419744047340781,1
JK,53,23,20.0,10.0,102.16762312823391,120.0,0.8513968594019493,1
JK,53,45,20.0,10.0,79.42623748911944,140.0,0.5673302677794246,1
JK,53,49,20.0,10.0,84.80020459398986,140.0,0.6057157470999276,1
JK,53,50,20.0,10.0,83.88627905786278,151.6227766016838,0.5532564495783756,1
JK,53,79,20.0,10.0,111.57168295734084,173.85164807134504,0.6417637347421301,1
JK,56,49,30.0,10.0,79.55871880218348,325.9411708155671,0.2440891974558242,1
JK,56,50,30.0,10.0,79.16896873403877,337.5639474172509,0.2345302848238731,1
JK,57,6,40.0,20.0,96.13604385801797,181.9803902718557,0.5282769407978677,1
JK,57,9,40.0,10.0,96.61739867084853,124.7213595499958,0.7746660156644499,1
JK,57,16,40.0,40.0,112.37574531137656,160.0,0.7023484081961036,1
JK,57,19,40.0,10.0,112.3846574190711,130.0,0.8644973647620854,1
JK,57,23,40.0,10.0,79.37924020083418,80.0,0.9922405025104272,1
JK,57,28,40.0,20.0,87.11413154581436,196.619037896906,0.4430605117266988,1
JK,57,30,40.0,10.0,93.09115535096386,184.4030650891055,0.5048243384999118,1
JK,57,38,40.0,30.0,95.31137877145635,363.0194339616981,0.26255172548561845,1
JK,57,44,40.0,10.0,57.85618350206614,108.2842712474619,0.5342990522589147,1
JK,57,45,40.0,10.0,58.209372712298546,100.0,0.5820937271229855,1
JK,57,49,40.0,10.0,63.413111231467404,100.0,0.634131112314674,1
JK,57,50,40.0,10.0,63.50751272002588,111.6227766016838,0.5689476167274259,1
JK,57,54,40.0,40.0,50.60232526704263,424.0930106817051,0.11931893238632324,1
JK,57,62,40.0,20.0,65.6117270404035,221.4213562373095,0.2963206808745394,1
JK,57,71,40.0,20.0,102.25036142011682,252.04650534085255,0.4056805361448657,1
JK,57,79,40.0,10.0,89.81932970966018,133.85164807134504,0.6710364123554539,1
JK,64,23,10.0,10.0,53.55628041570226,0.0,,1
JK,64,49,10.0,10.0,44.15618735662632,20.0,2.2078093678313158,1
JK,64,50,10.0,10.0,46.79365892308092,31.622776601683796,1.4797454224999753,1
JK,65,6,10.0,20.0,70.19521745814636,213.78378914684518,0.3283467738048661,1
JK,65,9,10.0,10.0,71.17874304395187,156.5247584249853,0.45474430856933334,1
JK,65,23,10.0,10.0,59.34192742169202,111.80339887498948,0.5307703345230488,1
JK,65,28,10.0,20.0,68.86878863674322,228.4224367718955,0.3014974781374745,1
JK,65,45,10.0,10.0,48.98658836236464,131.80339887498948,0.37166407528554374,1
JK,65,49,10.0,10.0,51.48168593032857,131.80339887498948,0.39059452464618905,1
JK,65,50,10.0,10.0,54.22283876389479,143.42617547667328,0.378053995957757,1
JK,65,79,10.0,10.0,63.371753169499144,165.65504694633452,0.3825525049655083,1
JK,66,49,10.0,10.0,37.55294535724685,40.0,0.9388236339311712,1
JK,81,6,30.0,20.0,131.1375556277677,437.3905868968242,0.2998179648953023,1
JK,81,9,30.0,10.0,132.72140217923894,380.13155617496426,0.34914597334337294,1
JK,81,23,30.0,10.0,130.12674150514914,335.4101966249685,0.387962986261409,1
JK,81,28,30.0,20.0,140.66225273403487,452.0292345218745,0.3111795476742068,1
JK,81,45,30.0,10.0,125.61450479002464,355.4101966249685,0.35343528684005093,1
JK,81,49,30.0,10.0,127.80081291898794,355.4101966249685,0.3595867933238965,1
JK,81,50,30.0,10.0,130.80576187188228,367.0329732266523,0.35638694998420856,1
JK,81,79,30.0,10.0,71.99966959715914,389.2618446963135,0.1849646210594578,1
JK,82,6,20.0,20.0,78.46756617966827,274.02689561270824,0.286349870892123,1
JK,82,23,20.0,10.0,84.26895306786275,172.04650534085255,0.48980334067763853,1
JK,82,49,20.0,10.0,93.12756998665303,192.04650534085255,0.4849219714848033,1
JK,82,50,20.0,10.0,97.59765984303424,203.66928194253634,0.4791967591390175,1
JK,82,79,20.0,10.0,84.85339094263391,225.8981534121976,0.37562675772652937,1
JK,84,49,20.0,10.0,81.9291325752639,160.0,0.5120570785953994,1
JK,84,50,20.0,10.0,86.43230327106849,171.6227766016838,0.5036179053999789,1
JK,87,6,20.0,20.0,72.52261547470266,241.9803902718557,0.2997045148709211,1
JK,87,9,20.0,10.0,74.12904187508758,184.72135954999578,0.4013019504386236,1
JK,87,16,20.0,40.0,94.52842164717846,220.0,0.42967464385081117,1
JK,87,23,20.0,10.0,76.49509756796392,140.0,0.5463935540568852,1
JK,87,28,20.0,20.0,87.32604946280922,256.619037896906,0.3402945088504757,1
JK,87,30,20.0,10.0,94.93540407687448,244.4030650891055,0.38843786203034125,1
JK,87,38,20.0,30.0,115.4749827328081,423.0194339616981,0.27297796144104264,1
JK,87,44,20.0,10.0,82.49343035299313,168.2842712474619,0.4902028558075199,1
JK,87,45,20.0,10.0,83.37249520736367,160.0,0.521078095046023,1
JK,87,49,20.0,10.0,82.82728146234221,160.0,0.5176705091396389,1
JK,87,50,20.0,10.0,87.08693871062748,171.6227766016838,0.5074322909525347,1
JK,87,79,20.0,10.0,67.03502184932493,193.85164807134504,0.34580578765393527,1
JK,92,6,20.0,20.0,80.98473588350512,141.9803902718557,0.5703938109230459,1
JK,92,9,20.0,10.0,81.56309858856127,84.7213595499958,0.9627217861208806,1
JK,92,23,20.0,10.0,93.8380936658589,40.0,2.3459523416464725,1
JK,92,49,20.0,10.0,110.40535837093663,60.0,1.8400893061822772,1
JK,92,50,20.0,10.0,115.16908537621748,71.6227766016838,1.6079952612938766,1
JK,92,79,20.0,10.0,110.82604989621474,93.85164807134504,1.180864184845917,1
JK,96,6,10.0,20.0,74.71770268257792,155.83203834320074,0.47947587336322617,1
JK,96,9,10.0,10.0,75.45938692216228,98.57300762134084,0.7655177491594107,1
JK,96,16,10.0,40.0,88.54056669689311,133.85164807134504,0.6614828279865451,1
JK,96,23,10.0,10.0,87.24460752416954,53.85164807134504,1.6200916898324826,1
JK,96,28,10.0,20.0,97.20158038789941,170.47068596825105,0.5701952792399891,1
JK,96,30,10.0,10.0,104.35955112429265,158.25471316045054,0.6594403985838013,1
JK,96,38,10.0,30.0,128.2632883496144,336.87108203304314,0.38074888344685304,1
JK,96,45,10.0,10.0,106.12241333863366,73.85164807134504,1.4369674355284958,1
JK,96,49,10.0,10.0,103.25706327672711,73.85164807134504,1.3981687067697488,1
JK,96,50,10.0,10.0,108.01431067189354,85.47442467302884,1.263703278320832,1
JK,96,79,10.0,10.0,103.28821922288131,107.70329614269008,0.9590070399149208,1
JK,97,6,30.0,20.0,71.02280520481692,101.9803902718557,0.6964359031720397,1
JK,97,23,30.0,10.0,84.17471314041536,0.0,,1
JK,97,49,30.0,10.0,101.67457706011606,20.0,5.083728853005804,1
JK,97,50,30.0,10.0,106.4418123673858,31.622776601683796,3.3659856535721837,1
JK,97,79,30.0,10.0,106.9663482767888,53.85164807134504,1.9863152216822606,1
JK,98,6,20.0,20.0,66.90473510502204,230.04287502051267,0.29083593699242466,1
JK,98,9,20.0,10.0,67.68110379393116,172.78384429865275,0.39170967672733326,1
JK,98,16,20.0,40.0,81.50553980404477,208.06248474865697,0.3917358763762956,1
JK,98,19,20.0,10.0,89.20896783893157,178.06248474865697,0.5009981072928077,1
JK,98,23,20.0,10.0,79.41086353094995,128.06248474865697,0.6200946646225585,1
JK,98,28,20.0,20.0,89.36485902137875,244.68152264556298,0.3652292909376305,1
JK,98,30,20.0,10.0,96.52667198724187,232.46554983776247,0.41523000743382305,1
JK,98,38,20.0,30.0,120.42641595377503,411.08191871035507,0.2929499218345006,1
JK,98,44,20.0,10.0,98.34691391213076,156.34675599611887,0.6290307290710407,1
JK,98,45,20.0,10.0,98.57225615755489,148.06248474865697,0.6657476829791552,1
JK,98,49,20.0,10.0,95.60932244774587,148.06248474865697,0.6457363093024353,1
JK,98,50,20.0,10.0,100.37124549909996,159.68526135034077,0.6285567287195711,1
JK,98,71,20.0,20.0,101.61451881918902,300.1089900895095,0.3385920521370646,1
JK,98,79,20.0,10.0,98.49583208356081,181.914132820002,0.5414413413443757,1
JK,100,49,20.0,10.0,97.55743258292725,120.0,0.8129786048577271,1
